frame,tid,numPts,bboxDiag,meanSNR,range,snrNorm,dopplerStd,trackSpeed,label
90,0,15,0.601529538631439,23.3066666666667,3.35533536737096,44.3361040512733,0.165029048919678,0.65396506170895,Pessoa
91,0,16,0.285761207342148,23.60625,3.39886838484577,44.8596239049828,0.197242796421051,0.635190353947113,Pessoa
92,0,10,0.817505478858948,19.21,3.45332107116079,40.7394783433737,0.228020414710045,0.694387021000615,Pessoa
93,0,15,0.676151871681213,19.3466666666667,3.52905440442705,41.2530008090601,0.264857888221741,0.738553633931163,Pessoa
94,0,11,0.540381789207458,19.5272727272727,3.59762620187113,41.7679142305333,0.250256508588791,0.810627038062283,Pessoa
95,0,7,0.254026234149933,19.6142857142857,3.68572071354452,42.2751826483398,0.11126259714365,0.8836519384604,Pessoa
96,0,8,0.255516737699509,17.4875,3.76751203306895,40.5296859233378,0.122830547392368,0.875283328101937,Pessoa
97,0,16,0.426828891038895,22.175,3.84683431424694,45.5791392541144,0.175958216190338,0.807064011117973,Pessoa
98,0,9,0.558626651763916,19.8,3.92231175369254,43.5416843741638,0.298433601856232,0.81206279422296,Pessoa
99,0,15,0.471410900354385,22.6266666666667,3.9627885560221,46.546702672296,0.117573879659176,0.647483779968186,Pessoa
100,0,17,0.45741081237793,19.5823529411765,3.99663611488393,43.650137280467,0.138257667422295,0.57720645406102,Pessoa
101,0,14,0.391898155212402,19.45,4.06277294647032,43.8029020749377,0.160717159509659,0.564072168097889,Pessoa
102,0,8,0.575456440448761,18.3,4.12072401811298,42.8989411602194,0.192712441086769,0.566724825632749,Pessoa
103,0,14,0.380753368139267,20.25,4.17755694036128,45.0868951226643,0.224919393658638,0.652392045050331,Pessoa
104,0,10,0.336705774068832,22.06,4.23165061037939,47.1203921054304,0.15201361477375,0.670979211326496,Pessoa
106,0,10,0.265965789556503,18.06,4.43369633287972,43.9306377859526,0.120177291333675,1.0307005391851,Pessoa
107,0,9,0.371483445167542,17.3111111111111,4.53795299787725,43.5855108447447,0.147186532616615,1.11448055223828,Pessoa
108,0,7,0.28810316324234,19.0857142857143,4.62777781603279,45.7006142814554,0.11126259714365,1.08102299640087,Pessoa
109,0,6,0.248375728726387,18.3333333333333,4.72181310766849,45.2976850707031,0.131647676229477,1.06523715352295,Pessoa
111,0,10,0.248949706554413,17.79,4.95231364974717,45.5823256992934,0.158979624509811,1.68742576701678,Pessoa
112,0,5,0.210962638258934,17.34,5.08596565959029,45.5949369398338,0.123145096004009,1.65844282878944,Pessoa
113,0,4,0.229235291481018,17,5.19275715067638,45.6159204979686,0.0849782079458237,1.51028971123597,Pessoa
114,0,4,0.289917856454849,17.8,5.31278093817835,46.8128763608261,0.0849782079458237,1.41044071405321,Pessoa
115,0,4,0.0698034167289734,19.375,5.38727868787503,48.6297776999573,0.0849782079458237,1.22331509140507,Pessoa
116,0,6,0.344320923089981,16.9166666666667,5.46552002392656,46.4219262569964,0.0760068148374557,1.10733581256983,Pessoa
117,0,3,0.140642195940018,17.6333333333333,5.55467443303451,47.4196777108167,0,1.08922766135987,Pessoa
118,0,7,0.329110950231552,17.6285714285714,5.60885245025706,47.5835320428082,0.0786745026707649,0.976991494765902,Pessoa
120,0,4,0.0703209713101387,19.625,5.7576794929192,50.0348994308473,0.0849782004952431,0.876094817935017,Pessoa
123,0,12,0.43252632021904,18,5.8035030787535,48.5476087667938,0.146627962589264,0.746067023967438,Pessoa
129,0,3,0.0905174240469933,16.3333333333333,5.79234766446998,46.8475181696642,0.0849781930446625,0.936244920981977,Pessoa
130,0,3,0.263278901576996,17.3666666666667,5.76581793770303,47.8011036636119,0.147186547517776,1.11232848263554,Pessoa
131,0,5,0.640927135944366,18.6,5.77210070651469,49.0533559869628,0.191907778382301,1.35375236138372,Pessoa
132,0,7,0.468474835157394,20.9428571428571,5.74553936619243,51.3160893272992,0.111262574791908,1.5703940224675,Pessoa
133,0,8,0.600201845169067,18.375,5.7205068909263,48.6723805235999,0.104076601564884,1.64173886142203,Pessoa
134,0,4,0.294625133275986,18.2,5.66938933745909,48.341451303481,0.185205683112144,1.71509560761213,Pessoa
135,0,14,0.514043092727661,20.3214285714286,5.64262151035318,50.3806653759367,0.148394659161568,1.70984907801235,Pessoa
136,0,12,0.312924236059189,19.8,5.57764001697186,49.6580192520763,0.202963516116142,1.66544290191202,Pessoa
137,0,11,0.461458086967468,18.9090909090909,5.53417249468707,48.6311985709178,0.144485637545586,1.7222419489365,Pessoa
138,0,12,0.471251636743546,20.7916666666667,5.49833696474724,50.4009207464478,0.12552110850811,1.65253625190051,Pessoa
139,0,11,0.897860109806061,18.9272727272727,5.47029894243762,48.4477151444384,0.122342847287655,1.6115943225753,Pessoa
140,0,6,0.388619542121887,18.2,5.42886049563953,47.588347272767,0.120177313685417,1.61197910736085,Pessoa
141,0,9,0.597705900669098,21.2333333333333,5.39539040261436,50.5142483362911,0.115061022341251,1.55411400806699,Pessoa
142,0,13,0.4934923350811,21.5076923076923,5.36197236313935,50.6806751555808,0.211462706327438,1.51799709500283,Pessoa
143,0,14,0.525787711143494,20.0214285714286,5.32362140135586,49.0697150630044,0.136704310774803,1.37626719882749,Pessoa
144,0,14,0.430472701787949,20.4857142857143,5.27268388826183,49.3669836847814,0.106897607445717,1.29272420627898,Pessoa
145,0,14,0.547906637191772,23.4928571428571,5.197092425855,52.1232747607928,0.143501192331314,1.25635771733755,Pessoa
146,0,11,0.566439986228943,21.7545454545455,5.12474238545641,50.1414270074679,0.110501378774643,1.14297689124027,Pessoa
147,0,13,0.50294440984726,21.1692307692308,5.06710614237388,49.3596308371628,0.184077501296997,1.24373747063738,Pessoa
148,0,10,0.537761688232422,20.48,4.98972558896247,48.4030664864478,0.279266834259033,1.23650386815666,Pessoa
149,0,5,0.266922295093536,20.5,4.91550992665865,48.1627430991109,0.241852194070816,1.18355152423575,Pessoa
150,0,13,0.549170434474945,22.0923076923077,4.83701869494566,49.4754183294299,0.185580238699913,1.18395765741044,Pessoa
151,0,14,0.526161253452301,21.5142857142857,4.76556846495375,48.6388742445692,0.160346448421478,1.20232457040542,Pessoa
152,0,10,0.511468589305878,21.15,4.69981905453364,48.0332455078091,0.158979639410973,1.06737403392478,Pessoa
153,0,4,0.169347271323204,20.55,4.63076676640603,47.176116313272,0.0849782079458237,1.06119449629094,Pessoa
154,0,14,0.654127478599548,21.2714285714286,4.57809140319418,47.6988069420738,0.333965986967087,0.973634575638024,Pessoa
155,0,21,0.558936595916748,22.3809523809524,4.51761840861211,48.5773341576241,0.211350083351135,0.84765115766862,Pessoa
156,0,18,0.467843264341354,22.55,4.44243422160958,48.4548402399288,0.153542816638947,0.848943167505952,Pessoa
157,0,15,0.404875487089157,23.02,4.35634972862522,48.5849095092379,0.159303769469261,0.897679785601349,Pessoa
158,0,13,0.651849806308746,21.6923076923077,4.28133339503367,46.9554696296528,0.164980992674828,0.868970862046416,Pessoa
159,0,15,0.552481353282928,23.1866666666667,4.22643512597736,48.2256349515879,0.191638797521591,0.690913783594252,Pessoa
160,0,15,0.439741969108582,21.9,4.16142552375905,46.6696850621117,0.145778015255928,0.643470891873335,Pessoa
161,0,18,0.447983682155609,22.5166666666667,4.10386264067344,47.0443793142099,0.147666767239571,0.606588672364846,Pessoa
162,0,16,0.415190577507019,22.79375,4.03256979648327,47.0170257190943,0.150821328163147,0.630730558708812,Pessoa
163,0,18,0.432363837957382,23.9722222222222,3.96431850699745,47.8989638193784,0.163372159004211,0.602258386726855,Pessoa
164,0,16,0.671567320823669,21.14375,3.90398446133993,44.8040732166739,0.16011118888855,0.505397499631392,Pessoa
165,0,16,0.487812548875809,20.18125,3.85410672170712,43.6181994507306,0.185935333371162,0.435389955681326,Pessoa
166,0,12,0.282433032989502,19.05,3.80842401546657,42.2798118041051,0.157943919301033,0.37920223366448,Pessoa
167,0,16,0.449453383684158,23.04375,3.76914574244812,46.0934672296611,0.152013629674911,0.30202576321968,Pessoa
168,0,16,0.353631943464279,23.08125,3.73520068411899,45.9738076186306,0.154077917337418,0.283467783978711,Pessoa
169,0,17,0.541522324085236,22.9235294117647,3.67027011189225,45.5114504972442,0.631939947605133,0.474994092923495,Pessoa
170,0,20,0.493485957384109,24.51,3.63639965431716,46.9368643123205,0.193976119160652,0.49751698772743,Pessoa
171,0,25,0.754370868206024,24.78,3.59663120237282,47.0158363063365,0.704704463481903,0.577265457736547,Pessoa
172,0,6,0.688535392284393,18.0333333333333,3.55422905831923,40.063149861958,0.110798001289368,0.696006056618618,Pessoa
173,0,15,0.507005572319031,23.9333333333333,3.50459731139041,45.7188582712252,0.260933846235275,0.676341534470456,Pessoa
174,0,19,0.616730153560638,21.9684210526316,3.46923793323117,43.5777845083583,0.173278316855431,0.709781249854949,Pessoa
175,0,21,0.66202187538147,22.0333333333333,3.41321510256086,43.3598796773889,0.17796216905117,0.705968473424176,Pessoa
176,0,11,0.572730123996735,26.1,3.33804471263605,47.03968598781,0.17187687754631,0.805221639429041,Pessoa
177,0,16,0.57938539981842,24.325,3.26393352298773,44.8746521933023,0.378963679075241,0.839152061027871,Pessoa
178,0,13,0.375314295291901,26.2384615384615,3.20039687543651,46.4466150478148,0.327002555131912,0.79665596639859,Pessoa
179,0,14,0.398975402116776,28.9714285714286,3.13422440164377,48.8166320717504,0.258182287216187,0.778689127076626,Pessoa
180,0,28,0.680179715156555,23.5107142857143,3.04709202539627,42.866137108619,0.186285614967346,0.801239742811547,Pessoa
181,0,18,0.569855213165283,26.5555555555556,2.96553933150868,45.4397030911918,0.301031827926636,0.828966480076618,Pessoa
182,0,22,0.579398214817047,26.2,2.88234146273775,44.5898171659664,0.552591621875763,0.855203508573236,Pessoa
183,0,22,0.666738450527191,25.8272727272727,2.8203795128349,43.8395747797681,0.830498158931732,0.758002960731496,Pessoa
184,0,16,0.732059836387634,26.73125,2.76190868992734,44.3796226595494,0.65714031457901,0.759287487573836,Pessoa
185,0,19,0.54711925983429,25.9947368421053,2.67074631299543,43.0600423427632,0.223984330892563,0.817107635095654,Pessoa
186,0,28,0.829657673835754,24.5107142857143,2.52798185130003,40.6216723563854,0.634655654430389,0.92318627798574,Pessoa
187,0,20,1.18054533004761,23.345,2.44626599582349,38.8851471388779,0.31998485326767,0.901991950740218,Pessoa
188,0,31,1.31581485271454,21.2838709677419,2.38687614463771,36.3970663271583,0.382599800825119,0.960082123508349,Pessoa
189,0,23,0.9120854139328,27.6173913043478,2.33814458816031,42.3722458613598,0.682946383953094,1.02143391394454,Pessoa
190,0,26,0.671562075614929,21.6961538461538,2.28682662657115,36.0654834566136,0.391595393419266,0.85856422204039,Pessoa
191,0,18,0.735114395618439,28.8833333333333,2.23303412084466,42.8391476996542,0.605814754962921,1.00802460107471,Pessoa
192,0,34,0.663071513175964,25.65,2.15327752020078,38.9740002588876,0.614799857139587,1.05190712357581,Pessoa
193,0,30,0.710698485374451,24.0933333333333,2.11861897244316,37.135447617907,0.175435602664948,1.11592415584606,Pessoa
194,0,23,0.597299695014954,24.6869565217391,2.05300738423307,37.1825769792888,0.192775875329971,1.06877276491399,Pessoa
195,0,29,0.724828898906708,24.6551724137931,1.99980953551098,36.6947178080418,0.39071860909462,0.939975481542843,Pessoa
196,0,23,0.568331301212311,28.3956521739131,1.94354381377696,39.9394255932288,0.308158129453659,0.733906856579087,Pessoa
197,0,32,0.741148591041565,26.315625,1.88987958850501,37.3729903793378,0.274725615978241,0.859868971998713,Pessoa
198,0,28,1.13964307308197,28.1142857142857,1.83656784691907,38.6745647857266,0.195956438779831,0.774992505675728,Pessoa
199,0,34,0.646321892738342,27.2058823529412,1.78439290162647,37.2655018303536,0.318353831768036,0.778605322520009,Pessoa
200,0,33,0.695068120956421,24.6272727272727,1.73577010708855,34.2069609195487,0.309921711683273,0.853370329125503,Pessoa
201,0,31,0.665651559829712,23.8193548387097,1.7083017818411,33.1219385937936,0.154596731066704,0.965203757800104,Pessoa
202,0,41,0.873167872428894,21.8878048780488,1.70755165088347,31.1827588504794,0.249328628182411,0.991473014866834,Pessoa
203,0,29,0.457519471645355,26.8241379310345,1.68684133012152,35.9071072643922,0.243588894605637,1.01606772285977,Pessoa
204,0,15,0.527408719062805,21.2933333333333,1.68069183219854,30.3128569132723,0.325336009263992,0.946956821200294,Pessoa
205,0,29,0.774536073207855,22.2655172413793,1.70754381308686,31.5603914757914,0.263072311878204,0.830256840533179,Pessoa
206,0,22,0.426196992397308,25.2045454545455,1.6981291380046,34.4033740166634,0.319210350513458,0.72697805533338,Pessoa
207,0,22,0.63597559928894,19.3272727272727,1.72469048334478,28.7957194065669,0.160885408520699,0.534855866528299,Pessoa
208,0,28,0.633930623531342,21.1428571428571,1.76080199627639,30.9712780196104,0.198210179805756,0.578485955757832,Pessoa
209,0,26,0.645857095718384,21.2576923076923,1.78613986069901,31.334310811219,0.277651011943817,0.56695286145822,Pessoa
210,0,15,0.542669713497162,22.8,1.80932352572183,33.1006492055829,0.325336009263992,0.52422246582064,Pessoa
211,0,13,0.253525227308273,22.0230769230769,1.84145467584238,32.6295182802816,0.142390891909599,0.530947554477948,Pessoa
212,0,15,0.492322355508804,22.9933333333333,1.86015706415466,33.7753179669063,0.232500612735748,0.298707113395896,Pessoa
213,0,12,0.404830783605576,25.7166666666667,1.86766891184282,36.568662259689,0.227371707558632,0.149972620354518,Pessoa
214,0,21,0.525939106941223,25.2571428571429,1.8630043606782,36.0656977146407,0.199032545089722,0.190608714730246,Pessoa
215,0,21,0.680700480937958,21.8714285714286,1.88650909388639,32.8977846934903,0.272536516189575,0.39770090763627,Pessoa
216,0,16,0.47177991271019,22.2125,1.87311299881871,33.1150591095987,0.169956386089325,0.691230621541947,Pessoa
217,0,17,0.363910883665085,25.9470588235294,1.86660777923477,36.789181681631,0.160640940070152,0.881657362794395,Pessoa
218,0,15,0.515357375144958,22.6666666666667,1.85571163161276,33.4070862633292,0.221596032381058,1.1242444084867,Pessoa
219,0,25,0.92455393075943,24.54,1.85397831238876,35.2641859805812,0.237787142395973,1.23376579918584,Pessoa
220,0,23,0.664452254772186,23.9347826086957,1.8554949241484,34.6731734342908,0.190766602754593,1.15190794823907,Pessoa
221,0,24,0.354492336511612,25.1125,1.86977666434126,35.9840894114777,0.173159062862396,0.969456016280054,Pessoa
222,0,32,0.906641244888306,23.128125,1.91019404867929,34.3712245064526,0.346918523311615,0.834027020267093,Pessoa
223,0,29,0.617440104484558,24.7068965517241,1.94803260199185,36.2907453874461,0.198978900909424,0.835217803019241,Pessoa
224,0,19,0.350626468658447,24.7263157894737,2.00556208290443,36.8157602002556,0.251935243606567,0.809453245303774,Pessoa
225,0,31,0.985191345214844,25.5645161290323,2.03481679276054,37.9055286523184,0.362079262733459,0.752708961954616,Pessoa
226,0,22,0.813722550868988,24.1045454545455,2.04354037655029,36.519874373832,0.211726933717728,0.778757536459325,Pessoa
227,0,35,0.870745897293091,23.02,2.09613661231767,35.8767833470156,0.189569398760796,1.05889933387034,Pessoa
228,0,31,0.59603214263916,27.6677419354839,2.10247141235241,40.5769459089643,0.28561744093895,0.943205737390785,Pessoa
229,0,31,0.813272893428802,26.6258064516129,2.11642867843047,39.6499519619637,0.323335260152817,1.19380016778738,Pessoa
230,0,23,0.684615612030029,22.7,2.12353004939925,35.7823364373381,0.257275015115738,1.35258990841693,Pessoa
231,0,30,0.957380414009094,27.27,2.13209400081098,40.4222539266308,0.185977146029472,1.64182120652537,Pessoa
232,0,30,0.660492718219757,24.2466666666667,2.12975274299601,37.3798341171633,0.190932109951973,1.61410739091193,Pessoa
233,0,23,0.520376443862915,21.5217391304348,2.14242466374034,34.7579615034232,0.185532867908478,1.49004458609064,Pessoa
234,0,28,0.760461926460266,26.2857142857143,2.16862712346082,39.7331096969499,0.20760178565979,1.44720312356453,Pessoa
235,0,19,0.746787846088409,24.4263157894737,2.1945083148461,38.0798050173547,0.161940410733223,1.34218079643586,Pessoa
236,0,33,0.593817234039307,24.830303030303,2.21478546302107,38.6435696027602,0.207363232970238,1.12226880752252,Pessoa
237,0,26,0.515768647193909,25.5192307692308,2.23825041575173,39.5155777226115,0.17700083553791,0.944984694818038,Pessoa
238,0,27,0.745858073234558,26.3703703703704,2.25592341038214,40.5033444130878,0.158103719353676,0.861073549296855,Pessoa
239,0,23,0.459313958883286,26.4217391304348,2.26573688833131,40.6301181479935,0.168607503175735,0.907219170860967,Pessoa
240,0,29,0.644390165805817,26.5862068965517,2.29973012608971,41.0532818741809,0.230302289128304,1.09901988151716,Pessoa
241,0,29,0.699712514877319,23.9241379310345,2.33525378366477,38.6575013075237,0.194366648793221,1.26180609500095,Pessoa
242,0,19,0.51400625705719,20.5315789473684,2.35900676939407,35.440746432835,0.165040016174316,1.29054346077269,Pessoa
243,0,22,0.495531916618347,26.0772727272727,2.38236736059396,41.1576219447546,0.151890158653259,1.17212629813805,Pessoa
244,0,25,0.92629998922348,23.224,2.40672007309312,38.4810232074998,0.185205683112144,1.11506419119806,Pessoa
245,0,23,0.727778494358063,23.7434782608696,2.45248025447037,39.3276990389885,0.158934757113457,1.18650526069315,Pessoa
246,0,11,0.34251481294632,21.7090909090909,2.50221382188327,37.6420676588984,0.110501356422901,1.10898329231266,Pessoa
247,0,21,0.362189769744873,24.4619047619048,2.5194031272881,40.513811326047,0.282754361629486,0.951436289205193,Pessoa
248,0,23,0.622077167034149,21.8086956521739,2.54716071525386,38.0509495723658,0.171627581119537,0.804945103900015,Pessoa
249,0,23,0.555871069431305,21.1347826086957,2.59569081425529,37.7049010173461,0.139111205935478,0.690075716652773,Pessoa
250,0,17,0.378496021032333,21.4058823529412,2.62083434555812,38.1434652116583,0.179380133748055,0.657571889589749,Pessoa
251,0,24,0.541775941848755,22.1541666666667,2.65716253565673,39.1308914878633,0.198798581957817,0.629326295150483,Pessoa
252,0,18,0.345734447240829,23.9277777777778,2.68657650122937,41.0957462486544,0.228888124227524,0.751260121470783,Pessoa
253,0,8,0.597124218940735,19.2125,2.71992905497821,36.5948030520546,0.136268272995949,0.80546816455671,Pessoa
254,0,13,0.398800373077393,21.4307692307692,2.75336512807947,39.0253215382325,0.117843553423882,0.732228110915223,Pessoa
255,0,13,0.455931633710861,20.9230769230769,2.78245223875865,38.7001856565135,0.178718596696854,0.650184250653976,Pessoa
256,0,18,0.346902966499329,21.1722222222222,2.81927534177868,39.177721937833,0.161629483103752,0.672492709499569,Pessoa
257,0,15,0.429453432559967,21.3066666666667,2.87106242038278,39.6283720542052,0.124395340681076,0.619284331736195,Pessoa
258,0,15,0.395951896905899,19.76,2.89867286891991,38.2479682245566,0.145068645477295,0.480347437775307,Pessoa
259,0,16,0.590731739997864,20.7125,2.91495666367844,39.2977841014998,0.14931757748127,0.32516843498193,Pessoa
260,0,14,0.525092840194702,21,2.93443986821693,39.7010085796216,0.143501177430153,0.215332509655427,Pessoa
261,0,13,0.66130667924881,19.7153846153846,2.94714444038923,38.4914414661008,0.165820568799973,0.166366269296873,Pessoa
262,0,18,0.669821381568909,18.4444444444444,2.96109315737863,37.3025272729319,0.232570201158524,0.203804443831043,Pessoa
263,0,18,0.548583924770355,21.0055555555556,2.96252561289984,39.8720401069045,0.187579587101936,0.16945418551352,Pessoa
264,0,21,0.530208826065063,24.0809523809524,2.95444395382312,42.8999826118472,0.215698301792145,0.349143275021121,Pessoa
265,0,19,0.553403735160828,20.3526315789474,2.95336052253558,39.1652901943041,0.207543686032295,0.425970494992129,Pessoa
266,0,18,0.471273064613342,21.6,2.939292868943,40.3297144402373,0.152617856860161,0.507151282213938,Pessoa
267,0,18,0.958728909492493,21.8444444444444,2.91559043537391,40.4335051184893,0.19057509303093,0.663855026554799,Pessoa
268,0,15,0.332204550504684,27.6133333333333,2.89234194615737,46.0633187724297,0.181691020727158,0.914664106427016,Pessoa
269,0,16,0.335459500551224,22.46875,2.86779240440272,40.7706584058349,0.303878724575043,0.97431642800552,Pessoa
270,0,7,0.374870330095291,21.6714285714286,2.82917632455316,39.737829175882,0.132428959012032,0.871754972055007,Pessoa
271,0,19,0.675927400588989,22.7947368421053,2.79644219627913,40.658970709878,0.216506510972977,0.764022077222958,Pessoa
272,0,20,0.584636151790619,24.585,2.75443598314192,42.1863073291645,0.218312904238701,0.742390428296337,Pessoa
273,0,16,0.611376106739044,21.23125,2.71432182020874,38.5777035185785,0.200870558619499,0.773190074987244,Pessoa
274,0,18,0.397334218025208,26.7,2.65754425591577,43.6792202213595,0.159646213054657,0.763986173247186,Pessoa
275,0,25,0.483384847640991,24.092,2.59139708743176,40.6333586524633,0.207805976271629,0.688504363075246,Pessoa
276,0,23,0.617984890937805,26.2260869565217,2.54902611460952,42.4810583489718,0.204417333006859,0.638709662684324,Pessoa
277,0,24,0.577061295509338,24.9833333333333,2.51269663047524,40.9889356281106,0.177191764116287,0.534925569001468,Pessoa
278,0,28,0.834179997444153,22.7464285714286,2.49341984487084,38.6182450378338,0.167579278349876,0.502783794464073,Pessoa
279,0,18,0.564966142177582,20.8333333333333,2.46233961036556,36.4872513898371,0.133569613099098,0.511789447378172,Pessoa
280,0,21,0.38909775018692,22.9761904761905,2.44637718626333,38.5171271988198,0.158329427242279,0.573640059449493,Pessoa
281,0,20,0.589217305183411,20.605,2.43378489341741,36.0562876438457,0.216213718056679,0.75743265482932,Pessoa
282,0,14,0.2652288377285,24.0785714285714,2.39329315938308,39.2384074082846,0.157349035143852,0.81478859725335,Pessoa
283,0,30,0.778805553913116,22.4066666666667,2.39566861378074,37.583736391319,0.163991153240204,1.00520829735863,Pessoa
284,0,22,0.614148318767548,22.9545454545455,2.39448223161291,38.1230102019253,0.143148869276047,0.865423761760082,Pessoa
285,0,24,0.892966032028198,22.4708333333333,2.39179354833808,37.6197809365058,0.191559791564941,0.753890345769667,Pessoa
286,0,20,0.437203049659729,24.88,2.37440565321018,39.9021967043863,0.169508531689644,0.546933581233336,Pessoa
287,0,25,0.484440237283707,27.844,2.34430543955066,42.6445678103865,0.182851284742355,0.525617738277926,Pessoa
288,0,22,0.412089496850967,26.7227272727273,2.31520868876411,41.3063330185293,0.169956400990486,0.574562157495412,Pessoa
289,0,21,0.403360307216644,25.9761904761905,2.28654716875792,40.3433970677711,0.151673927903175,0.7149739302105,Pessoa
290,0,20,0.532620191574097,25.57,2.25199879898176,39.6727261825945,0.168834552168846,0.73699007368684,Pessoa
291,0,24,0.524049937725067,23.6416666666667,2.25152519228098,37.7407390922851,0.154472187161446,0.852198118455172,Pessoa
292,0,23,0.397787004709244,21.804347826087,2.25228331598881,35.9092686166244,0.182273596525192,0.775864176781465,Pessoa
293,0,23,0.491590708494186,24.9608695652174,2.2574921181757,39.1059192727892,0.176788628101349,0.824231209764191,Pessoa
294,0,24,0.422943711280823,22.8208333333333,2.26983423253085,37.0605989950517,0.153324663639069,0.834179670608111,Pessoa
295,0,25,0.477285653352737,21.636,2.29474080983488,36.0653455693919,0.180265977978706,0.707336345065169,Pessoa
296,0,26,0.551831066608429,24.0153846153846,2.30762062905634,38.541961123159,0.152851775288582,0.663714799047532,Pessoa
297,0,28,0.552486836910248,24.1357142857143,2.32812810982888,38.8159892674564,0.158799275755882,0.647236416058659,Pessoa
298,0,27,0.509890973567963,24.7074074074074,2.35481417668993,39.585673076666,0.15455037355423,0.664366589280431,Pessoa
299,0,23,0.605175316333771,22.8782608695652,2.37264656846699,37.8875828753561,0.19210846722126,0.680893480828548,Pessoa
300,0,29,0.783117353916168,23.7586206896552,2.38775273068047,38.878194705851,0.21221512556076,0.688688779366175,Pessoa
301,0,23,0.515835583209991,23.8347826086957,2.39457514540721,39.0039214252291,0.146603628993034,0.665322947565317,Pessoa
302,0,24,0.432786643505096,23.9583333333333,2.41221654172674,39.2549849854218,0.161914899945259,0.611550493882495,Pessoa
303,0,19,0.498879849910736,25.1842105263158,2.44199825995008,40.6940245323845,0.203848272562027,0.61359942167711,Pessoa
304,0,21,0.572212874889374,25.7380952380952,2.47477846806688,41.4795483886419,0.387427121400833,0.710206117790803,Pessoa
305,0,17,0.560576200485229,22.1294117647059,2.5150791053104,38.151477733378,0.173512026667595,0.84930031392981,Pessoa
306,0,21,0.393108069896698,23.5809523809524,2.54154664553686,39.7848757733235,0.157676503062248,0.847622363367954,Pessoa
307,0,20,0.497473031282425,24.14,2.56549987105005,40.5068798864969,0.153072521090508,0.918439353849292,Pessoa
308,0,26,0.494842559099197,22.6038461538462,2.59358988442306,39.159898300356,0.161647662520409,0.888094550112948,Pessoa
309,0,22,0.594344079494476,21.2,2.62029450709332,37.9340042576363,0.154946595430374,0.81221207543194,Pessoa
310,0,24,0.390781134366989,23.1958333333333,2.62750727672119,39.9775904314946,0.155358895659447,0.667287838428797,Pessoa
311,0,19,0.596524000167847,24.2263157894737,2.64398207366961,41.1166560408867,0.125841841101646,0.593700287503081,Pessoa
312,0,9,0.261749088764191,21.9888888888889,2.667980066242,39.0361921062639,0.115061014890671,0.590405445298825,Pessoa
313,0,9,0.459401845932007,18.0666666666667,2.66428154301787,35.0898713142006,0.104076609015465,0.421796969720663,Pessoa
314,0,18,0.606919586658478,19.0111111111111,2.68055412090328,36.1400943166698,0.145005896687508,0.552276006036175,Pessoa
315,0,26,0.65724503993988,21.7730769230769,2.65458260317206,38.7329266796672,0.161647647619247,0.615192434524012,Pessoa
316,0,18,0.406831413507462,21.9944444444444,2.62356362003807,38.7501084474382,0.123661443591118,0.812850521575035,Pessoa
317,0,12,0.305827856063843,21.475,2.58792571401145,37.9930722329122,0.125521123409271,0.824311689000658,Pessoa
318,0,11,0.323654264211655,18.8909090909091,2.55910214148914,35.2144139003681,0.110501371324062,0.851937231559541,Pessoa
319,0,9,0.416145503520966,17.7444444444444,2.5541767332479,34.0344822229156,0.155148237943649,0.993404317568484,Pessoa
320,0,10,0.434421330690384,17.89,2.56184567273886,34.2321185605052,0.120177313685417,1.05149492583514,Pessoa
321,0,12,0.515350878238678,18,2.58469524383512,34.4963737467425,0.171876862645149,1.09658652735701,Pessoa
322,0,18,0.47608295083046,21.5777777777778,2.58653051626445,38.0864820435776,0.147666767239571,1.01159334988971,Pessoa
323,0,11,0.535922884941101,20.6181818181818,2.57861867382165,37.0736667545794,0.171876847743988,0.875077406750932,Pessoa
324,0,11,0.473411500453949,17.5727272727273,2.56550181931754,33.9396203515304,0.167230695486069,0.756023043348402,Pessoa
325,0,12,0.717631936073303,18.5416666666667,2.56025045563664,34.8729647507111,0.137978091835976,0.779231354607629,Pessoa
326,0,17,0.723075389862061,19.5294117647059,2.57161934540333,35.9376791306656,0.129942625761032,0.917187382826254,Pessoa
327,0,24,0.81930023431778,22.2208333333333,2.57923046981213,38.6804393615514,0.149829238653183,0.716131185204941,Pessoa
328,0,16,0.609861671924591,23.64375,2.55852526966579,39.9633384282053,0.140920385718346,0.373568254376096,Pessoa
329,0,14,0.762245833873749,20.8642857142857,2.54062445713134,37.0619046933327,0.148394659161568,0.260415215447386,Pessoa
330,0,14,0.523413300514221,19.7428571428571,2.50825206805462,35.7177043026379,0.276008486747742,0.372959871438108,Pessoa
331,0,7,0.651932239532471,19.2,2.48429039294613,35.0080943958152,0.20566026866436,0.40484680016254,Pessoa
332,0,15,0.570307612419128,21.6866666666667,2.47455764627238,37.426569683059,0.204149901866913,0.40185478089091,Pessoa
333,0,10,0.658817768096924,19.22,2.46861468614292,34.9181323337558,0.655306220054626,0.457648049356424,Pessoa
334,0,13,0.71465003490448,22.4923076923077,2.47976518489494,38.2687300264441,0.284781813621521,0.521983686593475,Pessoa
335,0,12,0.398566722869873,20.9583333333333,2.49230809707476,36.8224024706147,0.283003032207489,0.17505569707598,Pessoa
336,0,20,0.60395610332489,21.015,2.4889014255115,36.8553078578485,0.224492818117142,0.231601492243898,Pessoa
337,0,15,0.480352431535721,20.08,2.47057518878726,35.7919230248848,0.165029063820839,0.230520224863308,Pessoa
338,0,11,0.388959914445877,18.8454545454545,2.45202154432542,34.426425814555,0.206252217292786,0.443066632615366,Pessoa
339,0,10,0.496879696846008,20.31,2.45701151164817,35.9262876500631,0.180932372808456,0.572012856436936,Pessoa
340,0,10,0.417802453041077,20.38,2.44551899585572,35.9148416241498,0.254462063312531,0.69575322866301,Pessoa
341,0,12,0.37378254532814,18.4083333333333,2.44321310631395,33.9267873108343,0.177513673901558,0.902362505687673,Pessoa
342,0,19,0.37441873550415,21.2157894736842,2.45086456130811,36.7885619580106,0.155555993318558,1.084943743964,Pessoa
343,0,19,0.527860462665558,22.8736842105263,2.45920453235306,38.5054702332481,0.141481146216393,1.15913504701126,Pessoa
344,0,22,0.610516905784607,20.9363636363636,2.48877249481284,36.7757715736165,0.32038339972496,1.21368317191914,Pessoa
345,0,19,0.522922098636627,20.8578947368421,2.49607374643014,36.7481912335802,0.218834608793259,1.19961488521994,Pessoa
346,0,27,0.619892477989197,20.4,2.53524790060268,36.560817270245,0.181715279817581,1.12009081804524,Pessoa
347,0,19,0.627757728099823,23.3578947368421,2.57679732563011,39.8011051797408,0.261072546243668,1.06519235900613,Pessoa
348,0,21,0.663139760494232,22.5857142857143,2.62102969937808,39.3245919675758,0.292439311742783,1.12118761605119,Pessoa
349,0,22,0.555593967437744,22.1090909090909,2.65387323092136,39.0642978623416,0.171056434512138,1.27093121324417,Pessoa
350,0,22,0.73922735452652,22.0409090909091,2.70634844680391,39.3362575704621,0.143148854374886,1.261434619754,Pessoa
351,0,26,0.639372408390045,21.4615384615385,2.76562400350474,39.1332638973472,0.21196123957634,1.10632916233072,Pessoa
352,0,18,0.638850569725037,25.3166666666667,2.84060119114875,43.4530772596364,0.164020925760269,1.16867833155861,Pessoa
354,0,12,0.462481796741486,19.6,2.94986922478133,38.3921105209604,0.159494966268539,0.953375909236677,Pessoa
355,0,16,0.512963652610779,22.40625,2.99039940131142,41.4354178834987,0.165652975440025,1.05704698684862,Pessoa
356,0,25,0.489880681037903,25.088,3.0899715860138,44.6861794346743,0.325589597225189,0.936953453034694,Pessoa
357,0,23,0.524244487285614,23.1478260869565,3.19654997598209,43.3350860363576,0.293499141931534,1.15376159176673,Pessoa
358,0,15,0.419498920440674,23.82,3.29954269650145,44.5581501024097,0.435205906629562,1.36691960276244,Pessoa
359,0,15,0.51299637556076,23.3866666666667,3.39689976212542,44.6299759315402,0.191638827323914,1.43378331296086,Pessoa
360,0,14,0.474017798900604,24.7785714285714,3.49832902774279,46.5329975761078,0.549856424331665,1.4179211798748,Pessoa
361,0,12,0.5289306640625,23.4333333333333,3.60199968829693,45.6950801693876,0.132517457008362,1.35628711395946,Pessoa
362,0,12,0.423734456300735,24.1916666666667,3.6847945057757,46.8481975892467,0.373060345649719,1.19947372172051,Pessoa
363,0,7,0.468684166669846,21.1142857142857,3.80877071290255,44.3456788751901,0.111262552440166,1.17814516481686,Pessoa
364,0,16,0.544810652732849,22.88125,3.89380740416055,46.496228664157,0.278619676828384,1.07220254084621,Pessoa
365,0,11,0.440652042627335,22.1545454545455,3.97484240344935,46.1273420228575,0.164858490228653,0.986205489833325,Pessoa
366,0,21,0.513652503490448,21.7333333333333,4.03785535099639,45.9793636156146,0.242491155862808,0.770574089754227,Pessoa
367,0,16,0.56553053855896,21.88125,4.11504332669034,46.456226487822,0.354472130537033,0.660742180144156,Pessoa
368,0,13,0.450565487146378,20.9307692307692,4.21443805276782,45.9203562150406,0.181800186634064,0.786340332730447,Pessoa
369,0,14,0.460903882980347,22.0857142857143,4.29805120145704,47.4165776782115,0.276008486747742,0.867708388754528,Pessoa
370,0,10,0.257073819637299,22.21,4.37171720497315,47.8360824321869,0.180932387709618,0.847295797691722,Pessoa
371,0,11,0.228297725319862,20.0090909090909,4.45138428034366,45.9488944209342,0.122342824935913,0.857302888307849,Pessoa
372,0,17,0.428674787282944,18.9058823529412,4.5223007485556,45.120259994809,0.149335354566574,0.778933976118838,Pessoa
373,0,10,0.274640113115311,19.11,4.57015740463194,45.5072463291471,0.14636655151844,0.719744651395037,Pessoa
374,0,5,0.19215339422226,19.78,4.6195144987263,46.3638533806545,0.0806173756718636,0.667568655051158,Pessoa
375,0,13,0.413191258907318,20.2,4.69818200417691,47.0771934808789,0.120177321135998,0.777063242517478,Pessoa
376,0,18,0.412986069917679,18.65,4.77503537447664,45.8090637310993,0.182024717330933,0.674785148467451,Pessoa
377,0,21,0.420783340930939,20.0952380952381,4.83737054090002,47.4796123139906,0.181974679231644,0.515239637974845,Pessoa
378,0,8,0.331754326820374,20.35,4.86703949297653,47.8405948114184,0.111262574791908,0.358441396004985,Pessoa
379,0,12,0.330120414495468,19.6333333333333,4.88616564016458,47.1920607491053,0.116713248193264,0.198968314003324,Pessoa
392,0,4,0.140435725450516,17.6,4.84962523610229,45.0283271590898,0.0735932737588882,0.373153960168429,Pessoa
393,0,8,0.211782440543175,18.2125,4.84556856354082,45.6262897241705,0.122830547392368,0.316217667466193,Pessoa
394,0,13,0.439599871635437,21.5538461538462,4.83774424456089,48.9395623509955,0.168314248323441,0.309003175256994,Pessoa
395,0,16,0.379543125629425,21.575,4.80336768185282,48.8368332684987,0.208153203129768,0.408411200541992,Pessoa
396,0,12,0.403830409049988,19.25,4.76428752625266,46.3699185364166,0.142080247402191,0.504149502361363,Pessoa
397,0,14,0.428833723068237,20.5785714285714,4.69002929361221,47.4255936404959,0.206142023205757,0.68424275374556,Pessoa
398,0,11,0.531424582004547,18.2727272727273,4.63122215993261,44.900551857494,0.189324781298637,0.749165697725549,Pessoa
399,0,15,0.275645732879639,23.7,4.56813647596558,50.0895628101542,0.183386445045471,0.74693050691924,Pessoa
400,0,13,0.315543919801712,21.5230769230769,4.49706268588904,47.6402345778601,0.120177298784256,0.835933735122545,Pessoa
401,0,13,0.395510643720627,21.2307692307692,4.43687326150714,47.1138501647439,0.154550343751907,0.812693668828881,Pessoa
402,0,11,0.734419822692871,19.7636363636364,4.38731790308073,45.4516005367488,0.174153476953506,0.732880091951464,Pessoa
403,0,14,0.444680035114288,20.8214285714286,4.32546875911004,46.2627557575732,0.27514460682869,0.922596591944632,Pessoa
404,0,12,0.498389542102814,21.125,4.26710883254359,46.3303487869797,0.116713270545006,0.97786211120236,Pessoa
405,0,10,0.332096636295319,24.04,4.19728099974792,48.9587218140139,0.261920362710953,1.00880599329387,Pessoa
406,0,10,0.387773811817169,23.99,4.15485486751354,48.7322343249125,0.219960585236549,1.06163075656254,Pessoa
407,0,14,0.636175751686096,22.9214285714286,4.09806560587548,47.4245848408354,0.134509891271591,1.11111957886206,Pessoa
408,0,20,0.671336650848389,21.285,4.02769885261713,45.4872796516694,0.187854513525963,1.30182549475211,Pessoa
409,0,19,0.633845567703247,20.0578947368421,3.9467936713197,43.9076716624423,0.157980397343636,1.29987403252235,Pessoa
410,0,18,0.442259311676025,25.2944444444444,3.84447541223101,48.6879279512552,0.188895955681801,1.28442016395088,Pessoa
411,0,11,0.340040147304535,22.4181818181818,3.7495516520758,45.3773554428064,0.162451684474945,1.25858711589691,Pessoa
412,0,19,0.404315918684006,24.6315789473684,3.63985121116449,47.0749241890346,0.199132531881332,1.22685238683061,Pessoa
413,0,12,0.39755642414093,22.8833333333333,3.5561277689929,44.9224275914214,0.117414258420467,1.16705301413698,Pessoa
414,0,14,0.354387700557709,26.8285714285714,3.4678716377046,48.431091981104,0.134509906172752,1.09809377987078,Pessoa
415,0,14,0.459970504045486,25.8928571428571,3.37931275266163,47.0459926323748,0.174903720617294,1.02288761154443,Pessoa
416,0,15,0.322030663490295,25.6733333333333,3.29488566379073,46.3869472808676,0.141468375921249,1.0234828366769,Pessoa
417,0,5,0.715193867683411,22.32,3.19879904814923,42.5194783245756,0.123145125806332,1.07539610857324,Pessoa
418,0,8,0.32553705573082,21.925,3.15387788498848,41.8787949547393,0.191706076264381,0.916221947773081,Pessoa
419,0,14,0.954119086265564,22.3285714285714,3.07463151084131,41.840294380701,0.191473126411438,0.87342433145311,Pessoa
420,0,12,0.539118826389313,21.2083333333333,2.98962251241091,40.2329875402026,0.122878268361092,0.832062120417693,Pessoa
421,0,20,0.56655353307724,23.2,2.86548710830425,41.4879383570842,0.184331446886063,0.986026344914261,Pessoa
422,0,15,0.447946161031723,23.9066666666667,2.76919252557734,41.6007926955398,0.156032279133797,1.0526293629314,Pessoa
423,0,17,0.532327353954315,23.5588235294118,2.65683681924204,40.5334187780241,0.194300025701523,1.07478824815552,Pessoa
424,0,15,0.400672227144241,24.3666666666667,2.57014860805015,40.7649960791441,0.34592941403389,0.980119406786385,Pessoa
425,0,15,0.357316195964813,21.9933333333333,2.47463502293744,37.733779537448,0.454681545495987,0.901868144630044,Pessoa
426,0,18,0.409784615039825,27.5944444444444,2.41861697040084,42.9371282766851,0.156058207154274,0.739226927975589,Pessoa
427,0,18,0.375641882419586,26.2,2.35430064380521,41.0744768553096,0.138001427054405,0.654151654470117,Pessoa
428,0,22,0.479381382465363,26.1681818181818,2.26908792381989,40.4022347975192,0.196089386940002,0.735423386445634,Pessoa
429,0,18,0.369289994239807,26.6833333333333,2.19329765826811,40.3272363308685,0.153312116861343,0.760268859476366,Pessoa
430,0,22,0.450596332550049,26.8227272727273,2.11548408117391,39.8391177388461,0.207815051078796,0.725587257364062,Pessoa
431,0,28,0.665360987186432,26.8821428571429,2.06630781127357,39.4899435557181,0.219412758946419,0.524946819529733,Pessoa
432,0,22,0.776041269302368,23.0727272727273,2.02242968925488,35.3076645562993,0.179744973778725,0.400416937118982,Pessoa
433,0,18,0.494111925363541,24.7277777777778,1.97936008256189,36.5887700845764,0.185873419046402,0.327326884248702,Pessoa
434,0,24,0.57609635591507,26.025,1.94746017237001,37.6037433860706,0.203481435775757,0.34591715676511,Pessoa
435,0,24,0.58562833070755,26.2166666666667,1.93284488214381,37.6645467350591,0.167982116341591,0.240508046072297,Pessoa
436,0,20,0.333759605884552,26.68,1.91716158669395,37.9863487457343,0.147959202528,0.207894590532598,Pessoa
437,0,15,0.28834992647171,27.2866666666667,1.90244288166774,38.4591317274954,0.124395340681076,0.092977625881421,Pessoa
438,0,19,0.467384159564972,25.5315789473684,1.89724087646525,36.6564778693376,0.155556008219719,0.0676203824112875,Pessoa
439,0,14,0.303025841712952,23.7857142857143,1.87912854865395,34.7439739104158,0.160346433520317,0.118662480066118,Pessoa
440,0,16,0.372087836265564,24.68125,1.86022166292901,35.4638379031495,0.315536975860596,0.227674695475149,Pessoa
441,0,14,0.381459534168243,21.0785714285714,1.79526597788711,31.243723454256,0.368370532989502,0.389196688205957,Pessoa
442,0,13,0.423740148544312,20.2769230769231,1.75268421297387,30.0250700705423,0.151830807328224,0.362364271405964,Pessoa
443,0,7,0.171699047088623,18.4857142857143,1.76780304472884,28.3830693880863,0.13242894411087,0.147589130060165,Pessoa
444,0,3,0.0799276158213615,17.4333333333333,1.76758307421703,27.3285267034052,0.169956386089325,0.0737687552888058,Pessoa
446,0,13,0.216545417904854,23.6538461538462,1.72960859204318,33.1717595148778,0.153649196028709,0.215977937098812,Pessoa
447,0,3,0.148709043860435,18.2,1.74910659853338,27.9126511268676,0,0.234269179138602,Pessoa
448,0,17,0.33286988735199,21.9529411764706,1.79250087960351,32.0913162746244,0.502473652362823,0.309932975534012,Pessoa
449,0,9,0.233897343277931,18.4222222222222,1.82822983555318,28.9034539052252,0.147186547517776,0.286424410450877,Pessoa
450,0,15,0.320870101451874,23.5666666666667,1.87426756181712,34.4799302210789,0.165653005242348,0.286941100183672,Pessoa
451,0,23,0.485143482685089,26.0826086956522,1.8946082160138,37.1833853477183,0.181095317006111,0.320079428676301,Pessoa
452,0,33,0.667217791080475,28.6151515151515,1.90330908329343,39.795524323962,0.497816890478134,0.254629552416028,Pessoa
453,0,25,0.58944171667099,25.188,1.92643369308645,36.578162616032,0.265616327524185,0.222045975830792,Pessoa
454,0,27,0.486327320337296,29.3962962962963,1.9376917196465,40.8876836320043,0.188549667596817,0.21111763144273,Pessoa
455,0,23,0.455972015857697,26.1304347826087,1.94926026877685,37.7252280137488,0.192997843027115,0.307698374695311,Pessoa
456,0,23,0.603232622146606,26.9739130434783,1.96229052643647,38.6844453301164,0.462491810321808,0.444585814416262,Pessoa
457,0,22,0.494739264249802,24.6772727272727,1.98216259911162,36.5628438190252,0.174314931035042,0.779478578645432,Pessoa
458,0,14,0.627906799316406,25.3214285714286,2.03652654471118,37.6770315788805,0.371587783098221,1.12016459604319,Pessoa
459,0,12,0.43180638551712,23.7916666666667,2.09942514451477,36.6756824418911,0.557239294052124,1.14563345078292,Pessoa
460,0,17,0.319041192531586,28.0529411764706,2.14282000040753,41.292368827981,0.204680517315865,0.955412076219532,Pessoa
461,0,16,0.501335203647614,27.40625,2.20615914802484,41.1517235356981,0.239602342247963,0.931618636658489,Pessoa
462,0,8,0.508326828479767,21.5875,2.28574617703892,35.9486200829363,0.174818590283394,0.982667774733504,Pessoa
463,0,16,0.560648381710052,24.84375,2.36590368112142,39.8036323993527,0.485101938247681,1.09403428333822,Pessoa
464,0,27,0.700753211975098,24.5962962962963,2.45079757908813,40.1685940027585,0.590995848178864,1.03366185722754,Pessoa
465,0,23,0.541782021522522,24.6739130434783,2.5100617582944,40.6612893283215,0.273253679275513,0.871325747424136,Pessoa
466,0,23,0.424905180931091,27.4478260869565,2.56372922428473,43.8027122467419,0.169620171189308,0.780287603506229,Pessoa
467,0,18,0.618039429187775,27.1388888888889,2.63473099766811,43.9683401271191,0.223251193761826,0.771836373479065,Pessoa
468,0,18,0.607166647911072,24.3944444444444,2.68983571444469,41.5834746707276,0.285583853721619,0.621600998211091,Pessoa
469,0,14,0.449150830507278,21.5285714285714,2.7442597454034,39.0655800344011,0.269019782543182,0.56531635751356,Pessoa
470,0,18,0.585097670555115,25.3111111111111,2.7793685503458,43.0689566708552,0.260157495737076,0.449330688424769,Pessoa
471,0,11,0.377320438623428,23.6090909090909,2.79014241240626,41.4341457403035,0.258768409490585,0.324378316841811,Pessoa
472,0,30,0.632301151752472,22.8,2.77522327939191,40.5319171935828,0.663306832313538,0.231938248057556,Pessoa
473,0,11,0.652351081371307,19.9,2.76464553731737,37.5655782855883,0.235665664076805,0.412899247843498,Pessoa
474,0,19,0.387297868728638,22.1368421052632,2.75700240789593,39.7543279215719,0.180792286992073,0.405219383876911,Pessoa
475,0,14,0.577834963798523,19.2928571428571,2.73717584319815,36.7849650827777,0.139718636870384,0.395193194855745,Pessoa
476,0,11,0.359867841005325,18.9363636363636,2.73322740367066,36.4033942908364,0.110501371324062,0.385562933270108,Pessoa
477,0,19,0.584722399711609,21.9947368421053,2.74658398537275,39.5464521808611,0.408937603235245,0.191369795298952,Pessoa
478,0,20,0.435091972351074,27.18,2.75031577464307,44.7553023904754,0.20595046877861,0.212765950185659,Pessoa
479,0,19,0.674065232276917,26.2210526315789,2.75174744692416,43.8053955199267,0.540270507335663,0.288857760392213,Pessoa
480,0,13,0.296381145715714,26.1461538461538,2.72809306433384,43.5805211048461,0.347188770771027,0.423394791730013,Pessoa
481,0,37,0.623099148273468,23.6675675675676,2.75262179368028,41.2574293294945,0.333439499139786,0.299459223702368,Pessoa
482,0,27,0.679331958293915,20.6888888888889,2.76548344032132,38.3597313794205,0.262919962406158,0.252298280783267,Pessoa
483,0,23,0.408280581235886,20.504347826087,2.77590352178866,38.2405225411615,0.196732923388481,0.319292257684533,Pessoa
484,0,28,0.410547971725464,25.0642857142857,2.7908967204351,42.894036327897,0.223809227347374,0.387120594510962,Pessoa
485,0,19,0.461075037717819,22.2631578947368,2.81204999376196,40.2240793939107,0.155555978417397,0.408343980767458,Pessoa
486,0,24,0.366155415773392,23.5583333333333,2.80640368018177,41.4843389812955,0.245204225182533,0.220626536975945,Pessoa
487,0,27,0.497891902923584,24.6185185185185,2.79684133025187,42.4852316696156,0.164980992674828,0.153906515670848,Pessoa
488,0,26,0.547081589698792,26.1384615384615,2.79105626605474,43.9692052064021,0.263548344373703,0.265257129821547,Pessoa
489,0,29,0.56086391210556,25.2068965517241,2.76062893647229,42.8472179868363,0.29860246181488,0.425022577209429,Pessoa
490,0,19,0.686158418655396,24.8526315789474,2.70807272336504,42.1590444925007,0.335787951946259,0.635393804681512,Pessoa
491,0,27,0.677551209926605,26.6148148148148,2.64180576688917,43.4908501700408,0.236601874232292,0.760647234349957,Pessoa
492,0,26,0.569502413272858,24.85,2.59016269020684,41.383081732981,0.212980806827545,0.753794230669167,Pessoa
493,0,19,0.479391276836395,28.1631578947368,2.52982634991645,44.2867863645158,0.159576192498207,0.765505765505173,Pessoa
494,0,18,0.419992029666901,29.2944444444444,2.4626805938514,44.9507679691967,0.161629468202591,0.755166017241111,Pessoa
495,0,15,0.582916259765625,28.4,2.39400776249323,43.565022170343,0.191099733114243,0.768804413607881,Pessoa
496,0,26,0.701663732528687,26.3346153846154,2.30967944119674,40.8766837304337,0.268124520778656,0.880572039000573,Pessoa
497,0,22,0.742823958396912,27.1818181818182,2.21682379925566,41.0110651927838,0.178698420524597,1.04160011429344,Pessoa
498,0,6,0.213980957865715,24.3,2.11742725718081,37.3323399743223,0.131647646427155,1.10955551310194,Pessoa
499,0,14,0.492381483316422,28.4142857142857,2.05714985135187,40.9449228608268,0.214905887842178,0.902768851042457,Pessoa
500,0,33,0.895829498767853,26.269696969697,1.93825227588559,37.7661090732222,0.513397693634033,1.01928875326659,Pessoa
501,0,17,0.507939159870148,30.9176470588235,1.86205888606228,41.7173835013825,0.16648431122303,0.904285062800327,Pessoa
502,0,34,0.795351982116699,25.9529411764706,1.75869086329452,35.7605214707619,0.212422788143158,0.890414144807748,Pessoa
503,0,34,0.929483592510223,28.3441176470588,1.67768533744158,37.3325380038475,0.564229309558868,0.824072046967398,Pessoa
504,0,35,0.924538314342499,26.9685714285714,1.60554470472931,35.1934675306071,0.631648421287537,0.730104861701311,Pessoa
505,0,22,0.470649272203445,34.9454545454545,1.51683973016729,42.1830423654263,0.48614114522934,0.775484507333387,Pessoa
506,0,33,0.635857880115509,32.9090909090909,1.44378451268425,39.2891860640407,0.556539535522461,0.771395260418309,Pessoa
507,0,23,0.67975240945816,30.8217391304348,1.37505775036049,36.3545766610484,0.182038545608521,0.776883284848986,Pessoa
508,0,24,0.60918527841568,35.3708333333333,1.29391032096404,39.8470004156943,0.18908528983593,0.78974029935398,Pessoa
509,0,26,0.723403930664062,32.4038461538461,1.21106148388525,35.7304938427149,0.230130106210709,0.861824421355584,Pessoa
510,0,32,0.823879420757294,28.85,1.13003266876028,30.9736399572921,0.207943260669708,0.889514829167145,Pessoa
511,0,28,0.628037750720978,33.4321428571429,1.04952584734847,34.2718684051358,0.230122044682503,0.847127031005286,Pessoa
512,0,28,0.497017174959183,34.7964285714286,0.99132125538164,34.6450052989809,0.62103146314621,0.773903270454123,Pessoa
513,0,30,0.677921891212463,30.3333333333333,0.921328819655882,28.909919586844,0.426032185554504,0.722468935299068,Pessoa
513,2,13,1.34030437469482,19.5923076923077,2.07093694475474,32.2389827255549,0.128010839223862,1.22026290843984,Pessoa
514,0,30,0.659929931163788,25.48,0.853451687002201,22.7271576478029,0.33563694357872,0.699618821371303,Pessoa
514,2,7,0.544378161430359,17.3857142857143,1.95844508931801,29.062170259737,0.13242894411087,1.17607271456884,Pessoa
515,0,32,0.66541987657547,23.496875,0.767215270313386,18.8935645301561,0.330146014690399,0.783868652082964,Pessoa
515,2,17,0.984598577022552,19.4352941176471,1.81162800334018,29.7580551253994,0.24440735578537,1.42479091915727,Pessoa
516,0,16,0.521222054958344,21.74375,0.700575619343109,15.5619507763612,0.16011118888855,0.709479783671895,Pessoa
516,2,9,0.267962425947189,18.7888888888889,1.66830467001345,27.6799035088934,0.115061044692993,1.47214816916586,Pessoa
517,0,21,0.448615849018097,20.9952380952381,0.661100115484545,13.8059274162733,0.202373534440994,0.593994473086934,Pessoa
517,2,12,0.745695829391479,18.35,1.55458401855272,26.01456795019,0.155324429273605,1.31775093103965,Pessoa
518,0,19,0.327266365289688,20.7210526315789,0.62304848589986,12.5019264298494,0.149746522307396,0.462691801914927,Pessoa
518,2,26,1.25175130367279,25.0846153846154,1.43323305614503,31.3372880324169,0.29533389210701,1.44154357529401,Pessoa
519,0,8,0.392967581748962,17.1125,0.600435435692357,8.25115259744791,0.104076601564884,0.437977970298531,Pessoa
519,2,30,1.49965000152588,19.8166666666667,1.27327527315537,24.0135588752974,0.310991197824478,1.35062225811105,Pessoa
520,2,21,1.25385808944702,19.1952380952381,1.17833125157032,22.0459339409964,0.335329473018646,1.02121260907281,Pessoa
521,0,3,0.493423670530319,16.1,0.565431991263794,6.19521506223394,0.389418989419937,0.499233793804209,Pessoa
521,2,10,0.730395138263702,18.39,1.10786419770077,20.1694611086994,0.201692700386047,0.663441080018966,Pessoa
522,0,5,0.769597351551056,17.62,0.554999742131475,7.39171125349057,0.380982935428619,0.42123635374915,Pessoa
522,2,9,1.42390739917755,18.0777777777778,1.06305508255403,19.1400085065738,0.232722356915474,0.511892381741324,Pessoa
523,0,3,0.137302875518799,18.3666666666667,0.545005336519619,7.82269685752513,0,0.218927302109577,Pessoa
531,0,4,0.0684777945280075,15.525,0.672535239743102,8.6336018235579,0.120177313685417,0.42560343060351,Pessoa
532,2,4,0.142265096306801,16.275,1.30639894208806,20.9180328016153,0.120177313685417,1.13713667057481,Pessoa
533,0,4,0.139830440282822,17.075,0.690000021731578,10.6289641766151,0.0849782004952431,0.614228983540788,Pessoa
534,2,7,0.298323541879654,15.4571428571429,1.3675720045386,20.8951509294065,0.187282800674438,1.40339472454501,Pessoa
542,0,4,0.0732171311974525,16.425,0.685152784750278,9.8564970889058,0.169956386089325,0.561798049746271,Pessoa
90,0,24,0.766868710517883,31.2333333333333,1.50225760733452,38.3031098105241,0.347223550081253,1.02900113360251,Carro
91,0,20,0.376975178718567,32.735,1.57527981059257,40.62930827812,0.254822760820389,1.05348787317306,Carro
92,0,27,0.49734964966774,29.1777777777778,1.67486476939246,38.1369676708407,0.173905178904533,1.12018716965803,Carro
93,0,16,0.399119645357132,27.0625,1.78828411646366,37.1599607665382,0.140920370817184,1.19405966691992,Carro
94,0,15,0.45841708779335,31.6,1.90688376511769,42.8129688501784,0.152013584971428,1.26829050486951,Carro
95,0,22,0.656370401382446,29.5909090909091,2.01622441622929,41.7724638785505,0.420341819524765,1.24371434986855,Carro
96,0,18,0.435502797365189,30.7611111111111,2.10756756833605,43.7123713888443,0.287683337926865,1.13876897000855,Carro
97,0,14,0.307144194841385,27.3071428571429,2.19869838476301,40.9937691517709,0.308007687330246,1.04865901346762,Carro
98,0,26,0.729214668273926,28.1692307692308,2.30455943100853,42.6727472646365,0.306574493646622,1.0202696986447,Carro
99,0,12,0.21546745300293,31.7583333333333,2.40245813115938,46.9845664429002,0.12552110850811,1.00324038162199,Carro
100,0,14,0.429608076810837,27.0928571428571,2.48739744124333,42.9226644724068,0.328757286071777,0.89843458916649,Carro
101,0,16,1.12811231613159,27.15,2.56345996532702,43.5030615705172,0.339779943227768,0.760404123662306,Carro
102,0,23,0.496879756450653,26.295652173913,2.66615880107739,43.3310927013734,0.192997872829437,0.783487748782558,Carro
103,0,23,0.517685651779175,25.3521739130435,2.74137302660611,42.8708993240288,0.195860505104065,0.688443044892289,Carro
104,0,14,0.326886147260666,24.5785714285714,2.78887415525255,42.3957281352842,0.157349035143852,0.560672298784149,Carro
105,0,18,0.5193692445755,23.3611111111111,2.82101934131798,41.3773536611737,0.164020895957947,0.413718889832316,Carro
106,0,28,0.56035041809082,24.2964285714286,2.862042969288,42.5634745615806,0.215459033846855,0.321183778921751,Carro
107,0,22,1.03577375411987,18.6863636363636,2.909119590379,37.2368266337074,0.267412692308426,0.304828021845097,Carro
108,0,24,1.52937936782837,22.6666666666667,2.94446296769717,41.4269105306268,0.240925431251526,0.472556632755593,Carro
109,0,23,0.71514493227005,19.5478260869565,2.9983909539953,38.6233564455007,0.240235835313797,0.539515114357785,Carro
110,0,23,0.654647946357727,21.095652173913,3.04988021440519,40.4669634757265,0.202100321650505,0.555014907438304,Carro
111,0,29,0.84335732460022,22.0413793103448,3.09310588527811,41.6571708030667,0.243698373436928,0.578747023607231,Carro
112,0,22,0.609502255916595,21.8545454545455,3.13122592578478,41.6831216217813,0.319504022598267,0.617261575031148,Carro
113,0,16,0.72417825460434,22.1625,3.15030598930611,42.096609554926,0.158695489168167,0.619044796391526,Carro
114,0,9,0.159790694713593,20.2222222222222,3.18243101475103,40.3325821529539,0.327285587787628,0.593320159047782,Carro
115,0,19,1.38072633743286,18.6368421052632,3.19523345789277,38.8169459104611,0.410020470619202,0.632847814532479,Carro
116,0,10,1.13948976993561,17.35,3.19101884492021,37.5071747590371,0.244819805026054,0.543498858972193,Carro
117,0,16,1.11325109004974,19.2875,3.17576316923484,39.3614243077652,0.224630326032639,0.253689881708175,Carro
118,0,26,1.56580793857574,18.4307692307692,3.24338394928855,38.8707037572412,0.190425828099251,0.267886108494928,Carro
119,0,26,1.84491288661957,18.6961538461538,3.2666325957652,39.260165498761,0.372758328914642,0.210555356760683,Carro
120,0,21,1.62821590900421,17.2428571428571,3.30371101769572,38.002939210474,0.801425218582153,0.385850929149132,Carro
121,0,25,1.54260337352753,18.7,3.34427011909801,39.6720539384296,0.747276782989502,0.490791387435577,Carro
122,0,29,1.38496100902557,19.1551724137931,3.38010890636,40.3124001487955,0.726005017757416,0.496161105334558,Carro
123,0,41,1.37921118736267,20.2390243902439,3.40825743253306,41.5403200089854,0.883717358112335,0.616111857629745,Carro
124,0,19,1.32311189174652,18.0052631578947,3.46414098544101,39.5890855119504,0.564130842685699,0.781485260277383,Carro
125,0,26,0.999643683433533,23.4230769230769,3.51477813984467,45.2589935888368,0.443630456924438,0.978082463569638,Carro
126,0,17,1.32972455024719,25.0294117647059,3.51076042297459,46.8454595200198,0.181147456169128,0.813214336781527,Carro
127,0,23,1.22355675697327,20.295652173913,3.5047421413109,42.0818949978278,0.228919923305511,0.674214203921862,Carro
128,0,11,0.648190677165985,17.9363636363636,3.52075318341823,39.8017868619867,0.200441136956215,0.617024529318776,Carro
129,0,7,0.675389051437378,20.3571428571429,3.51682781348099,42.2031870753404,0.147186547517776,0.572535618629285,Carro
130,0,12,0.725389182567596,17.8416666666667,3.51678107828921,39.6874800294247,0.146627962589264,0.409661280641294,Carro
131,0,10,0.680618286132812,17.55,3.50166008339792,39.3209594212448,0.230122029781342,0.280420164024624,Carro
132,0,6,0.182638764381409,18.3,3.49070156664551,40.0165088365631,0.0806173905730247,0.289282288219473,Carro
133,0,12,0.585546791553497,20.0416666666667,3.4839348998892,41.724467917531,0.212831407785416,0.294127131960644,Carro
134,0,10,0.515689730644226,20.66,3.45974271381303,42.2217521352266,0.230122029781342,0.319833208498194,Carro
135,0,6,0.142839565873146,17.2166666666667,3.45658612937013,38.7625619815312,0.131647646427155,0.353533302657171,Carro
136,0,9,0.54569798707962,19.5333333333333,3.44094322779303,41.0004336231213,0.136583343148232,0.330727131034484,Carro
138,0,9,0.515689730644226,18.3444444444444,3.42139084891328,39.7125520225508,0.136583343148232,0.234913864593854,Carro
140,0,6,0.178181871771812,19.8833333333333,3.40344964112281,41.1601064926824,0.161234781146049,0.159379739415752,Carro
142,0,3,0.0700452327728271,17.0666666666667,3.38765041236996,38.2626101496355,0.169956386089325,0.122135577343981,Carro
145,0,4,0.182589948177338,16.9,3.42744940191551,38.2988420876251,0.0735932737588882,0.170401204096763,Carro
146,0,7,0.145904541015625,18.7857142857143,3.49907366075485,40.5438376909195,0.111262574791908,0.282379193835466,Carro
152,0,4,0.070320650935173,17.65,3.55119398661557,39.6649758643612,0.0849781930446625,0.372130090568499,Carro
153,0,4,0.0702179446816444,16.725,3.58323727143946,38.8960226728917,0.0849781930446625,0.360524511989931,Carro
156,0,6,0.516415953636169,16.7166666666667,3.58956590516221,38.9183439257704,0.120177313685417,0.185929632644874,Carro
158,0,4,0.12780824303627,17.2,3.55958326303726,39.2559662429894,0.169956386089325,0.117055206248205,Carro
160,0,6,0.552621185779572,16.85,3.56269247928563,38.9211334799158,0.120177313685417,0.0871936895989631,Carro
161,0,4,0.070320650935173,15.95,3.57901789077397,38.1005547737672,0.0849781930446625,0.0566780804999451,Carro
163,0,4,0.0781440734863281,17.125,3.53914184970256,39.0809187847716,0.169956386089325,0.0839809082904284,Carro
164,0,8,0.186746656894684,17.7375,3.58596687931282,39.9217509606572,0.122830554842949,0.137201422873231,Carro
165,0,7,0.584868788719177,19.6428571428571,3.53242439534871,41.5657721586224,0.184508100152016,0.104430818942792,Carro
166,0,10,0.582970976829529,18.8,3.57851859971252,40.9481311538137,0.15201361477375,0.121782580680513,Carro
167,0,6,0.179335564374924,19.3,3.53202444853017,41.2209480433899,0.161234781146049,0.087767863369752,Carro
168,0,4,0.12780824303627,16.75,3.50388180863869,38.5319779326987,0.169956386089325,0.108719308198788,Carro
169,0,7,0.584868788719177,17.4142857142857,3.46608504209207,39.0078542797332,0.147186547517776,0.14876634655562,Carro
170,0,3,0.516415953636169,16.6,3.4531750308512,38.1287436785055,0.169956386089325,0.129506733472637,Carro
171,0,4,0.0781440734863281,17.925,3.42570235051422,39.3149850265002,0.169956386089325,0.159087611906528,Carro
172,0,3,0.496993064880371,15.3,3.42949302456777,36.7091969544103,0,0.153698714997915,Carro
173,0,3,0.0700452327728271,16.0666666666667,3.40773236751213,37.3652858395992,0.169956386089325,0.152671876103369,Carro
178,0,3,0.245986774563789,20.0333333333333,3.3832023937999,41.2064525103712,0,1.00506844312935,Carro
179,0,9,1.02396082878113,21.1333333333333,3.40631271597668,42.4247139649361,0.143039613962173,1.80814079683861,Carro
180,0,9,0.919440269470215,17.5777777777778,3.48009346138614,39.2414140783908,0.115061014890671,2.18414335220076,Carro
181,0,7,0.259362041950226,21.8428571428571,3.45022116461419,43.3567345399096,0.120177313685417,2.03315323170515,Carro
182,0,4,1.20777189731598,17.55,3.47354360959002,39.180910228722,0.120177313685417,2.03476144344334,Carro
183,0,8,0.674421072006226,18.5375,3.51822965513807,40.3904673980799,0.111262574791908,1.9602682035713,Carro
184,0,10,0.895071983337402,17.25,3.56857246152733,39.3497807893753,0.108603775501251,1.60435066832898,Carro
185,0,4,1.08074843883514,18.05,3.58765161488898,40.2424105401301,0.0849781930446625,1.42993842415785,Carro
186,0,6,0.344933658838272,23.4333333333333,3.58370791811106,45.6066375836313,0.110798001289368,0.929942399180245,Carro
187,0,7,0.876408815383911,16.3857142857143,3.63546369259018,38.8081067536543,0.120177313685417,0.811283792098739,Carro
189,0,5,0.51403146982193,18.34,3.65105599218906,40.8367397317089,0.104076609015465,0.18028468906536,Carro
190,0,5,0.736254334449768,17.48,3.68239106924389,40.1251963444048,0.12314510345459,0.215190214369294,Carro
191,0,5,1.3990113735199,15.8,3.70581343090963,38.5553420395091,0.12314510345459,0.316744523948787,Carro
198,0,11,1.91131901741028,24.6363636363636,3.75621686519028,47.6263899688014,0.131647646427155,2.58159986958006,Carro
199,0,22,1.43962121009827,23.4954545454545,3.57740483170547,45.6381781142584,0.198938280344009,2.64266707547731,Carro
200,0,23,1.56415700912476,18.6782608695652,3.5363075556971,40.6202620274331,0.171127945184708,2.67999984378864,Carro
201,0,16,1.28113889694214,21.35,3.52851031808416,43.2536556695077,0.169956386089325,2.33681426702603,Carro
202,0,15,0.834315657615662,18.48,3.52391838543199,40.3610336608038,0.103579796850681,2.11146474788761,Carro
203,0,14,1.05693292617798,20.2,3.52087890176425,42.0660435225463,0.138004243373871,1.49198002533853,Carro
204,0,20,0.850635528564453,21.935,3.52514196500009,43.8220644658589,0.151763394474983,0.462722260923974,Carro
205,0,24,1.13103199005127,24.2833333333333,3.52451599654698,46.1673127741061,0.159349516034126,0.538436812499325,Carro
206,0,25,0.799864053726196,27.096,3.51190811583895,48.9177257870147,0.157381802797318,1.24347665695492,Carro
207,0,27,1.03490388393402,25.9592592592593,3.49529740775615,47.6986246548263,0.16794715821743,1.73637794702316,Carro
208,0,31,1.5453577041626,22.3903225806452,3.48463136306182,44.0765962257129,0.197235405445099,2.03631169214738,Carro
209,0,22,1.15054178237915,22.1954545454545,3.48859886697605,43.9014959616811,0.175521299242973,2.2715268699439,Carro
210,0,19,0.867086350917816,23.7684210526316,3.49779973808417,45.520218688473,0.155555978417397,2.46900447673947,Carro
211,0,23,1.73305201530457,22.995652173913,3.49782874339593,44.7475938636804,0.164494514465332,2.3526291765803,Carro
212,0,24,1.47560679912567,20.9,3.52909006716187,42.8065096914093,0.156491547822952,2.15446408156548,Carro
213,0,16,1.43367445468903,20.51875,3.56578898083962,42.6049755427088,0.154077917337418,1.9617678477912,Carro
214,0,7,0.924869418144226,24.0714285714286,3.59292808212843,46.2893695407461,0.187282830476761,1.73105105983498,Carro
215,0,26,1.23698794841766,22.2769230769231,3.62686142357835,44.6581615656494,0.191124647855759,0.946983054706069,Carro
216,0,17,1.24293172359467,22.2647058823529,3.65587208068305,44.7843455352251,0.13237164914608,0.445465507034557,Carro
217,0,18,0.830496788024902,22.1222222222222,3.69234280117622,44.8143028063888,0.142791926860809,0.232007683995972,Carro
218,0,19,0.906195938587189,24.9789473684211,3.70005999080205,47.7072979901612,0.145889729261398,0.392318856054554,Carro
219,0,11,1.52066087722778,19.8272727272727,3.72073358685905,42.6524157130394,0.136061638593674,0.597314695423161,Carro
220,0,22,0.775971531867981,22.8,3.72926326492225,45.6649217272357,0.185268938541412,0.483364641500139,Carro
221,0,3,1.14772510528564,17.3333333333333,3.75061608367016,40.2974377999037,0.147186547517776,0.540558123356336,Carro
222,0,16,0.748490869998932,25.375,3.77236981227245,48.4395704332022,0.15201361477375,0.33327108675109,Carro
223,0,12,0.415376305580139,26.7416666666667,3.79979461920919,49.9320716033956,0.125521123409271,0.404692378070063,Carro
224,0,11,0.578004717826843,23.5636363636364,3.8435712299736,46.9530337207645,0.133135229349136,0.673171095905319,Carro
225,0,12,0.911009609699249,21.7,3.89146685193635,45.3045334167552,0.146627947688103,0.981352335269523,Carro
226,0,10,1.06516695022583,20.87,3.93216345087095,44.6552624857929,0.142195701599121,1.15769660548865,Carro
227,0,9,0.473551511764526,26.2777777777778,3.96551150778938,50.2097463587536,0.11506100744009,1.24027122959864,Carro
228,0,3,0.776147186756134,17.1666666666667,4.02363183278413,41.3513960823266,0.0849781930446625,1.30713931632155,Carro
229,0,7,0.594829320907593,22.8857142857143,4.06230498748239,47.2366153262438,0.115805745124817,1.30622336018568,Carro
230,0,6,0.26525291800499,25.15,4.12114764838227,49.7507269709763,0.076006792485714,1.42632053212823,Carro
231,0,15,0.633345782756805,20.4866666666667,4.19342313900772,45.3894141574603,0.134745672345161,1.39416742350475,Carro
232,0,6,0.656806170940399,18.5,4.26061795824825,43.6789037424539,0.076006792485714,1.31643671974891,Carro
234,0,4,0.60313093662262,18.425,4.39776892473336,44.1542962465601,0.140920385718346,1.39435393428381,Carro
239,0,8,0.353859156370163,18.725,4.7430627453218,45.767354796463,0.111262574791908,1.01931675892051,Carro
241,0,3,0.275133550167084,20.3333333333333,4.87310314770804,47.8455574964146,0.0849781781435013,0.916836338550571,Carro
277,0,6,0.55875825881958,17.25,5.04141138823863,45.3520855238075,0.076006792485714,1.5282347169203,Carro
281,0,3,0.0686511844396591,18.2,4.34437487432574,43.717091731617,0.0849782451987267,2.80081665660277,Carro
282,0,3,0.227232575416565,21.2666666666667,4.15171558523779,45.9957704410863,0,2.74313263065368,Carro
284,0,9,0.269313424825668,23.7,3.85634043480582,47.1470146444125,0.155148237943649,2.83300334102252,Carro
285,0,7,1.07502508163452,20.4,3.74501995225367,43.3381654328809,0.252903163433075,2.82218997702931,Carro
286,0,13,0.51970374584198,25.5615384615385,3.74583227413834,48.5034715502509,0.153649196028709,3.78100891195702,Carro
287,0,15,1.12269365787506,23.68,3.72676639923261,46.533286848294,0.174744799733162,3.66845522457456,Carro
288,0,16,0.598948895931244,25.78125,3.67059383689588,48.3707032428256,0.218312904238701,3.06171811104678,Carro
289,0,19,0.795536875724792,26.9052631578947,3.65751966863065,49.4327299682963,0.284302294254303,2.92772205530274,Carro
289,1,17,2.31862306594849,18.4764705882353,4.8904232996156,46.05032866468,0.446938157081604,1.0696815809564,Carro
290,0,20,0.978005886077881,24.36,3.65972506171346,46.8979384030361,0.20815321803093,2.63449267931956,Carro
291,0,17,1.14900982379913,27.2470588235294,3.6866539074765,49.9123535913693,0.269218146800995,2.68982433583272,Carro
291,1,12,2.02308773994446,17.3,4.69314710448643,44.1585666872763,0.425662815570831,0.989432930996889,Carro
292,0,15,1.32805991172791,26.0733333333333,3.72717212493825,48.9285113100259,0.496543675661087,2.263818812205,Carro
292,1,3,1.45068025588989,21.2333333333333,4.58475760359659,47.685988510864,0.810640275478363,1.00159281581977,Carro
293,0,16,1.32773864269257,26.61875,3.75710245808885,49.6128715462232,0.402190238237381,1.14901719740693,Carro
293,1,3,0.0926044061779976,18.8333333333333,4.4727322539045,44.8562493842535,0.0849781706929207,1.0353922917537,Carro
294,0,16,0.804976105690002,29.475,3.77440980270116,52.5489620588025,0.204433932900429,0.433536540424437,Carro
294,1,6,0.258052438497543,24.6333333333333,4.32591119478581,50.0764373215491,0.076006792485714,1.17339222173387,Carro
295,0,15,0.455567598342896,31.9333333333333,3.77520581352316,55.0109586579378,0.15201361477375,0.625389694287304,Carro
295,2,12,1.81097936630249,20.7583333333333,4.13899157058247,45.4341150102553,0.27684685587883,1.75386803820536,Carro
296,0,25,0.723007023334503,25.692,3.76463128625503,48.7208978861562,0.251368880271912,1.28962379829713,Carro
297,0,23,0.593079209327698,26.0130434782609,3.77252702783252,49.0783378747104,0.144544899463654,1.36217035386147,Carro
297,2,3,0.0702176541090012,20.9666666666667,4.47754655874864,47.008271084941,0.0849782451987267,1.66939032505319,Carro
298,0,12,0.660927712917328,23.9583333333333,3.80881876706674,47.1899456675959,0.188281670212746,1.27917147373773,Carro
299,2,6,1.14822196960449,20.0833333333333,4.73448532678173,47.0942443299474,0.388490706682205,1.39364990198577,Carro
300,2,8,0.713142931461334,22.325,4.84546102991991,49.7384042026304,0.207221880555153,1.34396165498783,Carro
301,2,12,1.24682128429413,22.0333333333333,4.93242977507798,49.7557697632818,0.182527869939804,1.32895564729009,Carro
302,2,6,0.531923711299896,19.95,5.06140710160044,48.1208508040934,0.154370561242104,1.44906566601853,Carro
303,2,6,0.146991357207298,28.4833333333333,5.21681234816487,57.1795419402599,0.0806174427270889,1.77477694811608,Carro
304,2,4,1.51560544967651,17.9,5.41708142928957,47.2506145571438,0.147186577320099,2.11293617399045,Carro
370,3,11,1.52885210514069,17.8727272727273,5.46601018030399,47.3795447215171,0.120722316205502,1.2542625623766,Carro
371,3,15,0.497942239046097,20.5466666666667,5.34534048894851,49.6656816360116,0.117573857307434,1.20329222527239,Carro
372,3,12,0.538624107837677,18.6416666666667,5.22802477565723,47.3751721482229,0.110946014523506,1.29360346274949,Carro
373,3,12,0.420993119478226,21.4416666666667,5.11582639096729,49.7982985858411,0.169956371188164,1.35015307794351,Carro
374,3,13,0.567281901836395,21.2846153846154,5.01422392255625,49.2927643665443,0.106711864471436,1.59119811027642,Carro
375,3,16,0.825555622577667,21.25625,4.90552624872718,48.88367415597,0.134025976061821,1.76832720986613,Carro
376,3,14,0.418204635381699,26.1357142857143,4.802164334708,53.3931950038148,0.134509891271591,2.03860651596861,Carro
377,3,20,0.917416930198669,22.03,4.70100266783738,48.9176199060855,0.157478407025337,2.23620467803794,Carro
378,3,18,0.98332542181015,18.9944444444444,4.6101239507166,45.5429485349855,0.134888201951981,1.71392445287733,Carro
379,3,21,0.91493034362793,22.0476190476191,4.51217913294425,48.2230723577736,0.165341332554817,1.89528018667484,Carro
380,3,22,0.856414914131165,23.2818181818182,4.42533054424785,49.1196467938518,0.143148869276047,2.09254222054624,Carro
381,3,21,0.850081384181976,21.4285714285714,4.35152804593455,46.974242905726,0.14648400247097,2.10255777389931,Carro
382,3,27,1.05951321125031,20.9925925925926,4.26623943700393,46.1944016324546,0.164606437087059,1.94796949018671,Carro
383,3,22,0.741660356521606,22.4272727272727,4.19748093439736,47.3468220145677,0.179744958877563,2.20766147656697,Carro
384,3,27,1.05596733093262,21.037037037037,4.14050293224924,45.7191608986332,0.175495013594627,2.09838962213166,Carro
385,3,33,1.11887276172638,23.7151515151515,4.11253521000016,48.2795366848363,0.184094622731209,2.3224059430665,Carro
386,3,29,0.928090155124664,23.148275862069,4.08089387935964,47.578487918545,0.19006384909153,2.29223171340074,Carro
387,3,18,0.626522123813629,23.2055555555556,4.07176219568005,47.5968517892171,0.112886935472488,2.28869541810533,Carro
388,3,23,0.718822598457336,23.6260869565217,4.04938668583113,47.9216569801271,0.165273502469063,2.25082652679039,Carro
389,3,23,0.92749559879303,22.7434782608696,4.03470414037711,46.9759460198471,0.182273596525192,2.32997488351785,Carro
390,3,23,0.936481177806854,24.4826086956522,4.04162845533406,48.7448641581741,0.167843982577324,2.18894239169577,Carro
391,3,29,1.31601452827454,24.8310344827586,4.06495976516461,49.1932845355245,0.246528387069702,1.52897908966415,Carro
391,4,11,2.44804215431213,19.1454545454545,4.65630085494504,45.8670958803828,0.34489768743515,0.7482946542505,Carro
392,3,31,1.62606954574585,26.4,4.07852062922754,50.820106532708,0.233471885323524,1.22368965510072,Carro
392,4,6,0.661220967769623,18.9333333333333,4.5713367186271,45.3350618143603,0.110798001289368,0.893033337500059,Carro
393,3,22,1.93715679645538,23.9863636363636,4.09754005661614,48.4872919494435,0.295724004507065,1.03516050700172,Carro
393,4,16,1.69291508197784,19.6125,4.49701602352217,45.7294774010042,0.202660098671913,0.816260894602192,Carro
394,3,14,1.1583046913147,25.2928571428571,4.12238058823744,49.8987805196853,0.16071717441082,0.998126790181489,Carro
394,4,5,0.679143130779266,20.22,4.41470457373583,46.0160658586577,0.12314510345459,0.843897417106081,Carro
395,3,11,1.71328234672546,21.7363636363636,4.1613958080035,46.5059246502648,0.393944382667542,1.02927950301221,Carro
395,4,10,1.03210210800171,21.72,4.33223832263836,47.1884935908903,0.120177321135998,0.798753784319574,Carro
396,3,11,1.83504951000214,22.8545454545455,4.20153115172534,47.7908489710698,0.355027288198471,1.17173444470938,Carro
396,4,14,1.33035945892334,21.9214285714286,4.26578368395623,47.1213817228936,0.167960271239281,0.961413904629361,Carro
397,3,7,1.91689789295197,20.6,4.25530803672061,45.7572401449167,0.413821011781693,1.23780627308132,Carro
397,4,17,0.780920445919037,29.5235294117647,4.21954820567009,54.5341675233271,0.163588687777519,1.3910316602689,Carro
398,4,23,1.30392301082611,26.9217391304348,4.18667024116343,51.7964893493854,0.200611963868141,1.8291049683915,Carro
399,4,21,1.59982061386108,24.7476190476191,4.1685974908327,49.5472175588404,0.275360822677612,2.39056423910173,Carro
400,4,23,1.12955975532532,24.8782608695652,4.14824842936084,49.5928511665752,0.242365017533302,2.5554053449331,Carro
401,4,21,1.35131728649139,23.6428571428571,4.147208025038,48.3530899522596,0.202373549342155,2.70499856146692,Carro
402,3,9,2.02974557876587,17.1222222222222,4.7649362292349,44.2445059303107,0.316060990095139,2.08090017796847,Carro
402,4,20,1.03798377513885,23.6,4.12910623011573,48.2342422470259,0.176106661558151,2.54983235521946,Carro
403,4,25,1.38953304290771,21.304,4.13714795623407,45.9720421114019,0.230696618556976,2.54781337918986,Carro
404,3,7,1.75950491428375,16.9714285714286,5.04053925306845,45.0705086173772,0.311402708292007,1.93219790303198,Carro
404,4,15,1.05750131607056,24.4533333333333,4.15339481981413,49.1894620096237,0.15201361477375,2.3204726041064,Carro
405,3,4,0.0702177733182907,16.725,5.19856251818966,45.3603308475226,0.0849781781435013,1.56719095839303,Carro
405,4,28,1.39961302280426,22.4321428571429,4.16560008420108,47.2192457949916,0.196467652916908,2.19229296634412,Carro
406,3,6,0.196132436394691,17.7166666666667,5.3781684534264,46.942042704492,0.0760068222880363,1.24030730897049,Carro
406,4,23,1.32851505279541,23.0130434782609,4.184461970864,47.8786284889358,0.207947418093681,2.21186750098604,Carro
407,3,6,0.908339500427246,17.5166666666667,5.54061726522023,47.2589927066754,0.120177313685417,1.02065743092724,Carro
407,4,24,1.81399834156036,22.9666666666667,4.22087818446083,47.9827794064334,0.171793803572655,1.45240177852134,Carro
408,4,15,1.20324444770813,21.94,4.25054314689322,47.0777771608535,0.229373663663864,1.10905833506844,Carro
409,4,19,1.0140278339386,23.5157894736842,4.28012223300473,48.7740363497386,0.141481161117554,0.826280947434774,Carro
410,4,17,1.72132110595703,20.5235294117647,4.30947181553957,45.9004912005299,0.179380118846893,0.844998776859363,Carro
411,4,4,0.473793238401413,22.65,4.33984030541637,48.1489499569753,0.0735932737588882,0.643651564309987,Carro
412,4,8,0.265082448720932,23.175,4.38078910376135,48.837093849772,0.122830539941788,0.875688485598633,Carro
413,4,6,0.294841170310974,22.4333333333333,4.42471825141263,48.2687582035914,0.0930889323353767,0.922433065989054,Carro
414,4,7,0.491254419088364,23.7,4.5032944048989,49.8412136035322,0.111262582242489,1.35695709795848,Carro
416,4,4,0.314925640821457,19.65,4.65058194695269,46.3502920556985,0.0735932886600494,1.46194946595528,Carro
513,5,11,1.67671263217926,19.6727272727273,5.05443360918036,47.8196271282522,0.137501493096352,1.84245757338204,Carro
517,5,4,0.558177292346954,16.45,5.05551753113907,44.6006248296282,0.0735932514071465,1.1486520933838,Carro
517,6,16,2.34390664100647,20.6875,4.76235299820669,47.8003633327288,0.802358031272888,1.2128372881348,Carro
518,5,8,0.968425810337067,17.6,5.28409152336929,46.5188132490699,0.174818620085716,0.550483833945402,Carro
518,6,13,0.167697578668594,30.2692307692308,4.61192883395523,56.8245346546489,0.153649166226387,1.61641408951487,Carro
519,5,8,0.436107009649277,16.775,5.46953585020674,46.2930189308745,0.12283056974411,1.20561419773592,Carro
519,6,10,1.51095056533813,28.98,4.4478507611301,54.9060082769077,0.186177894473076,2.15126195575962,Carro
521,6,24,1.66849672794342,29.8125,3.71015902514426,52.5882009912057,0.64811384677887,3.87020089979699,Carro
522,6,13,0.473353147506714,33.0076923076923,3.43204561833288,54.4298143798706,0.175582945346832,4.18919888122896,Carro
607,7,14,1.53628432750702,18.6142857142857,5.89608570304473,49.436837219105,0.123916007578373,1.56416708106806,Carro
608,7,11,0.568440198898315,17.9090909090909,5.74119565778482,48.2691848175762,0.110501393675804,1.55849895915568,Carro
609,7,12,0.730661809444427,19.5666666666667,5.60168623896228,49.4994178472149,0.117414228618145,1.75741160096142,Carro
610,7,15,0.727513670921326,21.6466666666667,5.47561020019955,51.1839676203975,0.117573857307434,2.23852413151786,Carro
611,7,14,0.707455217838287,20.8785714285714,5.34577842448236,49.9990095828041,0.125348538160324,2.42692049598634,Carro
612,7,14,0.542234897613525,20.3357142857143,5.22411408068762,49.0562203737622,0.115462601184845,2.53738904545768,Carro
613,7,21,1.17021322250366,20.8,5.10635868030422,49.1244526882621,0.169956371188164,2.53826108071972,Carro
614,7,19,1.0771998167038,20.5263157894737,4.99452866737075,48.4660961981132,0.133178472518921,2.37977084190093,Carro
615,7,19,0.83234030008316,21.0052631578947,4.88678937424222,48.5662079932133,0.149746522307396,2.5679602611758,Carro
616,7,21,0.929007172584534,20.2571428571429,4.78626079933679,47.4569972277128,0.17796216905117,2.46851806727138,Carro
617,7,23,0.878574430942535,21.7173913043478,4.68967593994467,48.5631046517038,0.165014252066612,2.53116344370462,Carro
618,7,25,0.947654187679291,20.592,4.61152603615443,47.1457865983297,0.163900002837181,2.55072113386972,Carro
619,7,22,1.0025976896286,21.0681818181818,4.53607611826979,47.3353951656321,0.188903242349625,2.47936463588745,Carro
620,7,21,0.77197390794754,23.3904761904762,4.47922419490242,49.4385882053188,0.202373519539833,2.46877447403458,Carro
621,7,28,1.09018242359161,24.2714285714286,4.45148875390557,50.21163979248,0.167493715882301,2.77074021614988,Carro
622,7,24,0.58644038438797,24.1875,4.43119428878148,50.0483316956526,0.188773706555367,2.52402512748913,Carro
623,7,18,0.605026602745056,26.3388888888889,4.40847875186274,52.1104389651242,0.18202468752861,2.3823281317742,Carro
624,7,28,0.837594449520111,24.9071428571429,4.4229736187087,50.7357168164316,0.19878762960434,2.33677306010088,Carro
625,7,28,1.25045323371887,25.9071428571429,4.43081266578937,51.7664783972579,0.230308726429939,2.03687351745145,Carro
626,7,28,1.15278303623199,24.3607142857143,4.43510347584728,50.2368645598896,0.202288553118706,1.56895667524081,Carro
627,7,19,1.51312172412872,25.2210526315789,4.44673060523652,51.1426854128361,0.292213320732117,1.24347911301522,Carro
627,8,13,2.66138482093811,17.0923076923077,5.38418876388301,46.3371187875694,0.367399841547012,0.690554746968232,Carro
628,7,23,1.76685202121735,26.1478260869565,4.46639113916663,52.1460962169683,0.279450714588165,1.23074331276885,Carro
628,8,6,2.12184643745422,17.6,5.31402748056858,46.6169518383368,0.221596002578735,0.703403818647285,Carro
629,7,19,1.59722352027893,22.3526315789474,4.49305553383055,48.4543030378886,0.27776575088501,1.12959110591747,Carro
629,8,11,1.75611734390259,23.9636363636364,5.14539378350524,52.4203810627279,0.138926401734352,1.5059298543811,Carro
630,7,6,1.55862379074097,20.4666666666667,4.52463837347096,46.6900216442756,0.402190208435059,0.881871709781295,Carro
630,8,14,1.45832633972168,23.15,4.63950780208385,49.8088763758396,0.234251782298088,4.05283423764071,Carro
631,7,5,1.87988746166229,22.94,4.55722322433103,49.2880120778676,0.394942939281464,0.674396003945274,Carro
631,8,27,1.36482274532318,24.1296296296296,4.24364824368224,49.2392047504041,0.18374191224575,4.92419335882485,Carro
632,7,7,0.354507237672806,26.6,4.57651103247413,53.021380545663,0.0786745175719261,0.311206835832888,Carro
632,8,8,0.978715598583221,26.1875,3.7506695111342,49.1518519255161,0.165730819106102,5.9252448250414,Carro
633,7,7,0.434974014759064,28,4.58484214362845,54.4529754992053,0.111262574791908,0.846564453306338,Carro
634,7,21,0.903440773487091,25.7380952380952,4.54458506791832,52.0378647255441,0.240139931440353,1.64880651713317,Carro
635,7,23,1.31844341754913,21.9260869565217,4.50798670850383,48.0853920320351,0.213834837079048,2.07027186437258,Carro
636,7,23,0.9792760014534,22.0913043478261,4.47575237137167,48.1259463653689,0.196732938289642,2.08423372597504,Carro
637,7,24,0.948036968708038,23.9541666666667,4.46412099241817,49.9436049428033,0.191559806466103,1.89609969687762,Carro
638,7,16,0.914243221282959,28.33125,4.47265972382194,54.3538843468678,0.147186547517776,1.50340478838899,Carro
639,7,7,0.229575127363205,21.6714285714286,4.49997592711131,47.7998361913251,0.120177313685417,1.22658579767266,Carro
639,9,15,2.60707068443298,19.2333333333333,4.8191249845228,46.5520609301809,0.145068645477295,0.495349895138667,Carro
640,7,6,0.437857389450073,21.8,4.52533602484408,48.0260333157248,0.060088649392128,0.899771524829371,Carro
640,9,10,1.00751650333405,21.26,4.83862928996431,48.648894002013,0.193780109286308,0.174004507675664,Carro
641,7,6,0.417130589485168,22.9666666666667,4.55730662217428,49.3149966476954,0.0930889472365379,0.423611774489678,Carro
641,9,11,0.708282589912415,20.7545454545455,4.77481657011911,47.9128131479624,0.164858475327492,0.614433416557706,Carro
642,9,6,1.05979692935944,18.7833333333333,4.71522425064773,45.7234274177768,0.17206771671772,0.811261893415672,Carro
643,7,4,0.0694909170269966,25.75,4.65799982644532,52.4779787206829,0.0849782004952431,0.593431300445332,Carro
644,7,5,0.334139138460159,23.02,4.73321879011366,50.0262631970415,0.0806173905730247,1.24236044579674,Carro
645,7,4,0.419303745031357,20.975,4.79434558657734,48.2041734276564,0.0849782004952431,1.77005091335705,Carro
646,7,4,1.3087409734726,18.65,4.87157780834897,46.1567857379542,0,2.35405149956421,Carro
740,10,15,2.67352223396301,24.6866666666667,5.0006130585061,52.6475966929479,0.524234473705292,0.67336220673177,Carro
741,10,10,0.330962479114532,28.35,4.8916793292666,55.9283191766414,0.180932387709618,1.18937276604515,Carro
742,10,8,1.67247462272644,21.275,4.74312379416554,48.3175783904297,0.36691352725029,1.53524677100301,Carro
743,10,16,0.884244680404663,25.15625,4.25091953828956,50.2955653875105,0.540046274662018,3.51203618213762,Carro
744,10,14,1.0452972650528,32.5857142857143,4.23250890544067,57.6496295082082,0.467613458633423,2.75573406006369,Carro
745,10,15,0.581104338169098,25.74,4.26289858254558,50.9282000235513,0.109392486512661,2.70776038191551,Carro
746,10,4,0.510704398155212,22.85,4.21588968410693,47.8455695321033,0.220779806375504,2.86435279922417,Carro
747,10,15,0.757604718208313,21.8066666666667,4.21587685206745,46.8021833236443,0.222525179386139,3.32005119165752,Carro
844,11,12,0.531975626945496,17.675,6.0973561591508,49.0806625519757,0.110946014523506,1.28415528522957,Carro
845,11,9,0.423650026321411,17.9111111111111,5.97217772188191,48.9564200356164,0.077574111521244,1.38685482710182,Carro
846,11,6,0.562890410423279,16.45,5.85213795365074,47.1425822114809,0.120177291333675,1.42086036643727,Carro
847,11,11,0.739093720912933,18.9,5.74452275245572,49.2701581558934,0.103126093745232,1.5064756697052,Carro
848,11,12,0.600202202796936,19.8166666666667,5.63685699404446,49.858147346434,0.114584565162659,1.78498381572229,Carro
849,11,13,0.901469707489014,19.8384615384615,5.52775560971441,49.5404148979215,0.117843545973301,1.99059772006722,Carro
850,11,11,0.419653594493866,21.6909090909091,5.42216805124955,51.0578280389787,0.110501363873482,2.19092251502952,Carro
851,11,19,1.11798596382141,22.3736842105263,5.32903973464494,51.4396425489502,0.128334015607834,2.22573676759911,Carro
852,11,15,0.861216485500336,21.0066666666667,5.23533150205007,49.7644341260034,0.13397790491581,1.96438767431349,Carro
853,11,17,0.898940205574036,20.7411764705882,5.1447545700878,49.1957629356037,0.121713906526566,1.806513831088,Carro
854,11,18,1.08237338066101,21.6,5.0610940375711,49.7697762713976,0.142791926860809,1.92053096088653,Carro
855,11,17,0.941939949989319,22.9176470588235,4.97665774449076,50.7951580348566,0.116361185908318,2.09645099032774,Carro
856,11,16,0.903689205646515,20.3,4.9068129871994,47.9319802432222,0.149317592382431,2.15859006925002,Carro
857,11,16,0.727383971214294,18.3875,4.84599871991768,45.8028318032625,0.11866557598114,2.12934922521169,Carro
858,11,29,1.27489852905273,20.3448275862069,4.79845913677438,47.5888996159938,0.170217841863632,1.84380586578522,Carro
859,11,22,1.4257208108902,19.1454545454545,4.76132362709292,46.2545626041322,0.160885408520699,1.75421126518279,Carro
860,11,24,1.82623744010925,18.7291666666667,4.71597178420847,45.6720145880567,0.180592224001884,1.77554766474693,Carro
861,11,20,0.944154262542725,19.89,4.68083716159016,46.702941320783,0.134008273482323,1.64243749920714,Carro
862,11,31,0.81015807390213,22.3709677419355,4.64884901384545,49.0647853946486,0.183658465743065,1.67658583515112,Carro
863,11,21,0.793858289718628,22.452380952381,4.63129755364934,49.0804883377347,0.165341317653656,1.65013503082109,Carro
864,11,25,1.03498160839081,23.42,4.61293346159058,49.979087610106,0.163016438484192,1.57349698801455,Carro
865,11,22,1.40121507644653,24.2818181818182,4.59398655223325,50.7694069646378,0.159862086176872,1.44514758216517,Carro
866,11,12,1.03175723552704,21.6666666666667,4.57563794611307,48.084732785601,0.202963531017303,1.30876165144864,Carro
867,11,14,0.957980275154114,19.4,4.56969592096012,45.7954920794436,0.159229040145874,1.24288998838424,Carro
868,11,24,0.856700301170349,21.4791666666667,4.55580891422287,47.8217866680331,0.155358880758286,1.15599803669561,Carro
869,11,21,0.828066051006317,22.2571428571429,4.56264588041812,48.6258133884717,0.158329412341118,1.41404357124874,Carro
870,11,24,1.25712537765503,21.5791666666667,4.57753128566699,48.0044195154564,0.173498705029488,1.16284271436681,Carro
871,11,29,1.68137216567993,23.4344827586207,4.57608089626071,49.8542304921968,0.199246928095818,1.00326160628502,Carro
872,11,30,1.09098470211029,22.0666666666667,4.57532464841903,48.4835432848606,0.180265963077545,0.894155204949054,Carro
873,11,19,1.26183104515076,25.1947368421053,4.57657652480103,51.616365985466,0.170328706502914,0.756133411674251,Carro
874,11,24,1.75131678581238,23.0166666666667,4.58301440660932,49.4627155643665,0.173159077763557,0.68585868668891,Carro
875,11,18,1.53951942920685,22.7388888888889,4.58700595185627,49.2000610348846,0.185873433947563,0.500330354138244,Carro
876,11,20,1.72836565971375,27.995,4.5883040848318,54.4610877029812,0.207604721188545,0.500043247169186,Carro
877,11,16,1.80641198158264,24.475,4.60240194805847,50.9943817936515,0.17180523276329,0.642776002211758,Carro
878,11,9,1.6634966135025,23.4777777777778,4.60640137233286,50.0122488545158,0.171717643737793,0.533043119168655,Carro
879,11,8,1.77478981018066,21.7,4.63693048125327,48.3492233930078,0.157349035143852,0.761637098158855,Carro
880,11,6,0.806849420070648,18.0666666666667,4.67295127054197,44.8503167559587,0.110798001289368,1.12631339836364,Carro
883,11,3,0.710877418518066,16,4.78363360477236,43.1903163248386,0.0849781930446625,1.40179462314369,Carro
886,11,3,0.0691073685884476,19.1,4.93245519722064,46.8225259652755,0.0849781930446625,1.686980145522,Carro
887,11,3,0.392978131771088,16.0333333333333,4.98333266721362,43.9341285288874,0.0849781930446625,1.77917416348087,Carro
891,11,4,0.253313004970551,16.475,5.29170077518815,45.4188111427751,0.0849782004952431,1.38588683849354,Carro
1171,12,17,0.514860928058624,27.2058823529412,4.45923419371338,53.176293616215,0.156624257564545,0.641898126823476,Carro
1172,12,12,0.680756449699402,18.8166666666667,4.39471633527868,44.5339005870949,0.171876862645149,0.667449476560574,Carro
1173,12,10,0.834607481956482,17.7,4.33556582511003,43.1818313729474,0.462591588497162,0.655325817178207,Carro
1174,12,4,0.857831060886383,16.825,4.28006635726945,42.0830200911115,0.254934549331665,0.622946150789927,Carro
1175,12,4,0.0694913938641548,17.325,4.22211459002801,42.3462006429158,0.0849781930446625,0.546126231339032,Carro
1177,12,6,0.843464314937592,18.1833333333333,4.14811537933158,42.8973664426899,0.228020414710045,0.630701945941339,Carro
1179,12,5,0.950472235679626,17.12,4.08195909646139,41.5547459410216,0.434137910604477,0.702533476991098,Carro
1181,12,10,0.832031011581421,17.59,4.02838308431734,41.7952305457123,0.224295198917389,0.616137892015606,Carro
1182,12,4,0.919803142547607,17.475,3.99386029282464,41.5307147587281,0.240354612469673,0.596689921853326,Carro
1185,12,6,0.852675259113312,16.1,3.91814686299369,39.8232284209417,0.471609830856323,0.691348531620355,Carro
1186,12,4,0.0916078314185143,17.35,3.89400597670991,40.9658645504333,0.0849781930446625,0.637472893595424,Carro
1188,12,10,0.712319850921631,19.35,3.96533865792213,43.2812113583126,0.300843596458435,0.611582382622255,Carro
1189,12,7,0.786797881126404,17.2857142857143,3.97973160485635,41.2798656464479,0.424890965223312,0.56044326102739,Carro
1190,12,4,0.0891965478658676,17.075,3.95165505789045,40.9461611107845,0.0735932886600494,0.693663492440926,Carro
1191,12,9,0.328252077102661,19.9444444444444,3.9470561374311,43.7953765740242,0.122655458748341,0.921916423831665,Carro
1192,12,8,0.131587401032448,21.5,3.94002132045193,45.3199428763689,0.10951030254364,0.961292405460704,Carro
1193,12,3,0.38865339756012,19.4,3.90089896517234,43.0465880823371,0.22483117878437,1.10003911932326,Carro
1194,12,15,0.887639343738556,19.2466666666667,4.04696163941397,43.5318301784322,1.04442703723907,0.935240474505545,Carro
1195,12,9,0.683915615081787,17.5333333333333,4.13694088948706,42.20050595496,0.545782327651978,0.641625650371706,Carro
1196,12,15,1.10858809947968,21.46,4.15805983898407,46.2156294003335,1.12185919284821,0.553113172403413,Carro
1197,12,21,1.21173393726349,28.0190476190476,4.2048036818722,52.9688765721345,0.90407258272171,0.695767574009085,Carro
1198,12,23,2.10691380500793,24.8173913043478,4.20475056160688,49.7670007943104,0.673667788505554,0.861010260556177,Carro
1199,12,19,1.92208898067474,21.0842105263158,4.18046260807414,45.9331842568126,0.703994870185852,0.705962137208117,Carro
1200,12,10,0.265011578798294,22.72,4.1011520613341,47.2362348892658,0.170663043856621,0.446486336133109,Carro
1201,12,19,1.76691794395447,18.9,3.99919912426841,42.9789211457662,0.478728502988815,0.730219953525623,Carro
1202,12,16,1.70231294631958,22.20625,3.84347053249738,45.5951922290347,0.323447823524475,1.23945314067736,Carro
1203,12,11,0.49344989657402,24,3.68058655892834,46.6366814317936,0.311282217502594,1.55398687629871,Carro
1204,12,3,0.154676973819733,20.4333333333333,3.52558891299627,42.3226002040442,0.147186517715454,1.80754046375862,Carro
1205,12,3,0.286199599504471,20.3666666666667,3.3617024072996,41.4290372724699,0.726053953170776,1.99297760023359,Carro
1206,12,16,0.56201159954071,20.75625,3.21376570695363,41.0368184890518,0.169956356287003,1.78054741180185,Carro
1207,12,18,0.693789064884186,18.3277777777778,2.99439469791201,37.3801395823531,0.11444403231144,1.69718427826289,Carro
1208,12,7,0.415018081665039,20.2428571428571,2.83178791860903,38.3252861257872,0.529715776443481,1.62742803056692,Carro
1209,12,11,0.373607754707336,27.4181818181818,2.67909562422218,44.5377104197088,0.175280675292015,1.45604897166178,Carro
1210,12,12,0.495260804891586,24.1416666666667,2.53250859709413,40.2837037999508,0.628650665283203,1.30338993749985,Carro
1211,12,19,0.769397735595703,23.821052631579,2.31515292710834,38.4042399741302,0.802156507968903,1.6813115936482,Carro
1212,12,15,0.684698820114136,24.2266666666667,2.19892361165432,37.915072373827,0.282936751842499,1.4500629229735,Carro
1213,12,19,0.69243586063385,22.9157894736842,2.0615243302135,35.4833280629991,0.198495283722878,1.48966272966934,Carro
1214,12,17,0.651939332485199,25.7235294117647,1.91810313573046,37.0384076247209,0.488325655460358,1.57242201420434,Carro
1215,12,11,0.229429244995117,33.5818181818182,1.80238352197546,43.8157065122547,0.122342877089977,1.44658190723249,Carro
1216,12,15,0.827922940254211,30.6733333333333,1.67364514997614,39.61986866616,0.816978454589844,1.39240928262087,Carro
1217,12,25,0.88714462518692,29.672,1.58095947416177,37.6288295000463,0.844154596328735,1.10058950082501,Carro
1218,12,20,0.712673842906952,26.275,1.47626201330601,33.0415377909264,0.247560024261475,1.04235534016453,Carro
1219,12,30,0.740986526012421,26.9533333333333,1.34336098088941,32.0810425204388,0.292718946933746,1.18516630881832,Carro
1220,12,32,0.656687796115875,26.225,1.23774572883057,29.9302574543194,0.553391873836517,1.09087368644085,Carro
1221,12,27,0.715478837490082,28.4703703703704,1.15622955611821,30.9921330437206,0.655889928340912,0.910940820894764,Carro
1222,12,27,0.794783771038055,30.9703703703704,1.06673456924416,32.0926251434844,1.06627976894379,1.02425112730611,Carro
1223,12,24,0.724323332309723,32.3791666666667,0.983478327816445,32.0897584320641,0.498307704925537,1.04471411414385,Carro
1223,13,12,0.270183533430099,22.8416666666667,2.10988124507044,35.8119871333228,0.125521138310432,1.57471222492192,Carro
1224,12,26,1.18090713024139,30.7884615384615,0.915602179837501,29.2567342568087,0.281406819820404,1.02008522402901,Carro
1224,13,7,0.376534223556519,21.5428571428571,1.96644201944933,33.2901029732586,0.0786744952201843,1.44089214526839,Carro
1225,12,24,0.691784679889679,25.5541666666667,0.841390614699041,22.5540732012816,0.404641807079315,0.902668493239281,Carro
1225,13,4,0.14430733025074,19.75,1.82186784613712,30.170674844558,0.0849781781435013,1.5330130894382,Carro
1226,12,25,1.37961781024933,20.34,0.751909126930089,15.3866142589018,0.51920211315155,1.22082803898772,Carro
1227,12,30,1.41925704479218,19.7633333333333,0.746053908336807,14.674141727003,0.343556106090546,0.959374486101023,Carro
1227,13,3,0.120903223752975,23.8333333333333,1.57886743433081,31.7671600167425,0.0849782079458237,1.22724023588544,Carro
1228,12,24,1.20248937606812,18.7166666666667,0.711165131548597,12.795484867084,0.384959071874619,0.762018258266505,Carro
1228,13,3,0.202917963266373,16.9666666666667,1.48185641561705,23.7989116564966,0.0849781706929207,1.05086935164347,Carro
1229,12,21,0.794538080692291,18.2761904761905,0.67219797962378,11.376078588523,0.27272567152977,0.584751367996398,Carro
1230,12,21,0.857218503952026,17.6952380952381,0.65502714381503,10.345609982838,0.266991525888443,0.444351381203868,Carro
1231,12,17,0.719178438186646,18.9352941176471,0.660470457297586,11.729429977072,0.284745931625366,0.307477705736643,Carro
1232,12,8,0.146597072482109,16.9625,0.649013533848811,9.4526501286911,0.174818605184555,0.355173515881651,Carro
1233,12,7,0.638377130031586,16.4714285714286,0.646205008739702,8.88624136800238,0.187282830476761,0.424481839692049,Carro
1237,12,9,0.12819042801857,17.3222222222222,0.691972791178026,10.9257829442175,0.16637796163559,0.455264910969809,Carro
1238,12,9,0.613769829273224,16.3666666666667,0.719567327184849,10.6495240850985,0.180265963077545,0.3902810272884,Carro
1239,12,3,0.105049937963486,15.6333333333333,0.74257316082006,10.4629032636876,0.169956386089325,0.415300916661556,Carro
1242,12,4,0.0983379930257797,15.35,0.835355502958544,12.224853515917,0.169956386089325,0.383097525577918,Carro
1243,12,5,0.0857520997524261,16.34,0.748745598114673,11.3133712872736,0.147186547517776,0.312547405506806,Carro
1245,12,7,0.724781394004822,16.9285714285714,0.690295283990294,10.4899676827195,0.222525134682655,0.241036482021547,Carro
1246,12,4,0.0599417015910149,16.075,0.761005175543828,11.3305044155,0.185205683112144,0.259303223059146,Carro
1248,12,6,0.0724560916423798,19.4,0.683214649219349,12.7822867900787,0.131647646427155,0.240278808230718,Carro
1249,12,10,0.71671187877655,17.68,0.694871486214703,11.3561796374942,0.146366566419601,0.167846888819246,Carro
1250,12,18,0.782160520553589,19.3,0.679185546800928,12.5795374185649,0.138001412153244,0.223879846066509,Carro
1251,12,7,0.166255846619606,17.3714285714286,0.72213207796112,11.7160940633408,0.120177313685417,0.149310076804042,Carro
1252,12,7,0.14812821149826,19.3571428571429,0.67321538104118,12.4833040491756,0.163774073123932,0.308645590868192,Carro
1256,12,4,0.133266732096672,17.425,0.653296576089324,10.0294152827794,0.0735932737588882,0.0413857286168903,Carro
1258,12,4,0.0717582106590271,17.775,0.580220394851972,8.31871961058582,0.0849782004952431,0.22126468992131,Carro
1259,12,9,0.140846937894821,19.0444444444444,0.519625163312748,7.67205140478449,0.147186547517776,0.281566744525065,Carro
90,0,6,0.335212975740433,18.0666666666667,5.36507034173506,47.249683482601,0.462331354618073,1.42395531873427,Pessoa
92,0,9,0.218767926096916,17.9111111111111,5.48620420494263,47.4819898581785,0.115061022341251,1.24078157108763,Pessoa
93,0,9,0.211066320538521,19.2555555555556,5.56824381943837,49.084285302977,0.115061037242413,1.15737229251609,Pessoa
94,0,4,0.0731326192617416,19.825,5.66177115517031,49.9430924601865,0.0849781781435013,1.21105511091273,Pessoa
95,0,5,0.160113960504532,17.8,5.75293889309468,48.1955904414112,0.0806173756718636,1.26928036131099,Pessoa
96,0,6,0.0789681598544121,16.45,5.80730174349728,47.0089756907646,0.17206771671772,1.21317418270958,Pessoa
97,0,10,0.353829711675644,17.57,5.88842552907243,48.3699674760744,0.260075837373734,1.07938546049378,Pessoa
99,0,4,0.596634924411774,16.075,6.0573271053994,47.3662410758644,0.140920385718346,1.08818360971107,Pessoa
100,0,4,0.296592384576797,17.075,6.13280592212573,48.581368851426,0.0849781781435013,1.07906985656743,Pessoa
102,0,3,0.298952877521515,16.0333333333333,6.26243267585312,47.9030561344123,0.0849781706929207,1.06245644571826,Pessoa
103,0,4,0.0800990909337997,15.725,6.34618330893858,47.8255045001171,0.0849782079458237,1.07310599638401,Pessoa
105,0,5,0.336484789848328,18.94,6.50142162058502,51.460333247062,0.0806174054741859,1.13678140270144,Pessoa
111,0,4,0.328660190105438,17.55,6.63236896518246,50.416747137669,0.0849781930446625,0.160912149825151,Pessoa
114,0,4,0.298983424901962,17.85,6.52642331561224,50.4370095796198,0.0849781930446625,0.691830606922015,Pessoa
117,0,6,0.300553858280182,17.7166666666667,6.32578118259359,49.7612332666885,0.110798016190529,1.39593135072713,Pessoa
119,0,6,0.313695877790451,18.0166666666667,6.13097344638954,49.5178440737102,0.161234781146049,1.90525244486358,Pessoa
120,0,11,0.257637798786163,18.5636363636364,6.03913672239677,49.8026308389797,0.191393971443176,1.8875831765667,Pessoa
121,0,5,0.267191112041473,19.24,5.94879206528053,50.2171515525642,0.123145088553429,1.89318376001697,Pessoa
122,0,7,0.140642061829567,20.1285714285714,5.87434069886172,50.8869366703142,0.111262559890747,1.8004989871254,Pessoa
123,0,7,0.120214536786079,18.9142857142857,5.81684211572741,49.5017767572026,0.111262582242489,1.74031771878157,Pessoa
124,0,3,0.222811236977577,17.8333333333333,5.75191312820617,48.2258260623626,0.169956371188164,1.6148039642821,Pessoa
125,0,7,0.29924276471138,20.4857142857143,5.68474977068006,50.674168398611,0.111262567341328,1.48177553111902,Pessoa
126,0,10,0.219062939286232,20.75,5.62311059199804,50.7490650015689,0.139633417129517,1.29360090551426,Pessoa
128,0,10,0.308757603168488,20.24,5.54914254169804,50.009035229927,0.120177298784256,1.08702554343935,Pessoa
129,0,13,0.369382113218307,21.7076923076923,5.46668633407111,51.216658539081,0.16071717441082,1.07872887228192,Pessoa
130,0,4,0.250936448574066,16.875,5.41868281354739,46.2307492008002,0.147186547517776,1.08830000350848,Pessoa
131,0,14,0.675967276096344,20.9642857142857,5.41684995171496,50.3141579412093,0.113382048904896,1.36475046799365,Pessoa
132,0,10,0.439160615205765,19.4,5.39966686227866,48.6946786570885,0.142195716500282,1.48198887147231,Pessoa
133,0,13,0.414703816175461,21.0384615384615,5.38883254522266,50.298249072945,0.11784353852272,1.48343921184631,Pessoa
134,0,11,0.621157884597778,18.4818181818182,5.37003871075991,47.6809148374267,0.184050068259239,1.6486261805242,Pessoa
135,0,14,0.824120223522186,18.8642857142857,5.35240958231375,48.0062592958023,0.161824300885201,1.72803187577206,Pessoa
136,0,13,0.671261668205261,19.0153846153846,5.3510809863509,48.1530455708874,0.248870402574539,1.83212932064484,Pessoa
137,0,8,0.39150196313858,20.2,5.35006635527674,49.3343667391806,0.122830554842949,2.01845181656683,Pessoa
138,0,18,0.841185688972473,22.8277777777778,5.35279238345097,51.9709937341485,0.123661443591118,1.77322425360129,Pessoa
139,0,22,0.863360345363617,20.0727272727273,5.34090508575255,49.1773216770184,0.147504791617393,1.535418971723,Pessoa
140,0,11,0.514363586902618,20.3,5.32844920390811,49.3640332002069,0.103126108646393,1.52283890983505,Pessoa
141,0,14,0.607589364051819,17.1928571428571,5.35806431303429,46.3531740290734,0.127233609557152,1.78772202950441,Pessoa
142,0,14,0.489590793848038,18.3714285714286,5.36234236700489,47.545610120707,0.115462638437748,1.77845008050248,Pessoa
143,0,21,0.716685891151428,19.5571428571429,5.34611892360893,48.678687470871,0.144355788826942,1.82255524345442,Pessoa
144,0,15,0.882881283760071,18.5266666666667,5.39280071029051,47.7992415199485,0.174153476953506,2.02446755853457,Pessoa
145,0,18,0.749100387096405,18.4388888888889,5.40282835250174,47.7437356989485,0.134888201951981,1.91748090095527,Pessoa
146,0,12,0.388982683420181,21.8833333333333,5.39866295219003,51.1747819159895,0.157943919301033,1.65501272074394,Pessoa
147,0,19,0.732180595397949,22.4684210526316,5.40098373361754,51.7673358245993,0.186653614044189,1.51583264218565,Pessoa
148,0,10,0.462459295988083,17.85,5.43123815237543,47.2459538572023,0.108603775501251,1.36886879651778,Pessoa
149,0,13,0.50785630941391,18.9769230769231,5.46008440193611,48.4648973199976,0.136413767933846,1.14898382056829,Pessoa
150,0,13,0.604010820388794,21.3384615384615,5.45880708171557,50.822371390005,0.132279068231583,1.272089871407,Pessoa
151,0,18,0.570309638977051,19.6444444444444,5.47439055187958,49.1778755424599,0.281715154647827,1.37607050633429,Pessoa
152,0,12,0.604111552238464,18.5833333333333,5.51817658553531,48.2551570971208,0.159494966268539,1.56557916421861,Pessoa
153,0,14,0.378547728061676,20.55,5.53654173711214,50.2795431273672,0.170422658324242,1.439853657628,Pessoa
154,0,15,0.857071280479431,17.5666666666667,5.57089211773059,47.4036565977354,0.186177894473076,1.61172484876436,Pessoa
155,0,12,0.663964688777924,19.5666666666667,5.62334338080961,49.5664508203991,0.230240866541862,1.69941241731512,Pessoa
156,0,10,0.379591345787048,18.87,5.66460941201846,48.9967987847241,0.152013599872589,1.72445093079954,Pessoa
158,0,13,0.552005112171173,19.6153846153846,5.7558408077886,50.0197355724925,0.142390891909599,1.52335664970953,Pessoa
159,0,13,0.610074818134308,18.7615384615385,5.81075210362069,49.3308323858107,0.111796200275421,1.51906366175357,Pessoa
160,0,7,0.278435409069061,18.9,5.83745009623173,49.548927234024,0.111262567341328,1.48602789114652,Pessoa
161,0,8,0.19011302292347,18.475,5.8580948927288,49.1852560939919,0.104076601564884,1.59357193733101,Pessoa
162,0,7,0.459787458181381,16.3857142857143,5.89670726435959,47.2100970150803,0.132428959012032,1.48779584087466,Pessoa
163,0,6,0.636921167373657,17.0166666666667,5.94608596829517,47.9859140237935,0.076006792485714,1.56773979650278,Pessoa
165,0,4,0.488665997982025,16.65,6.04875765047383,47.9166473765223,0.120177313685417,1.62151639182062,Pessoa
166,0,9,0.848300755023956,17.8777777777778,6.13349673870616,49.3861033252841,0.252563029527664,1.56858239192752,Pessoa
167,0,4,0.0508741550147533,16.325,6.18553917873861,47.9801024812892,0.0849781781435013,1.49887928694075,Pessoa
168,0,13,0.518867254257202,20.2923076923077,6.25325333515814,52.1365486286442,0.241507411003113,1.27269360953579,Pessoa
169,0,6,0.34598895907402,17.35,6.30867295469278,49.3475205563518,0.0760068073868752,1.17734412305964,Pessoa
170,0,7,0.162696301937103,18.9857142857143,6.35831745189558,51.1194025718327,0.111262567341328,1.0259616296508,Pessoa
172,0,6,0.498422652482986,18.7166666666667,6.46177902295236,51.1307507517011,0.332394033670425,1.10303773196605,Pessoa
176,0,3,0.0700454562902451,16.3,6.66299277097762,49.2467736832019,0.0849781781435013,0.944649517755847,Pessoa
177,0,5,0.13097095489502,17,6.75079722128598,50.174202518343,0.104076609015465,1.12367105040634,Pessoa
178,0,9,0.532623052597046,17.0555555555556,6.83204551396115,50.4375855911093,0.194709494709969,0.984659209737884,Pessoa
179,0,7,0.154435351490974,16.7571428571429,6.87771236849078,50.2549032298755,0.143639355897903,0.955702213914076,Pessoa
180,0,7,0.169323772192001,19.9,6.91593923602326,53.4940467549503,0.111262567341328,0.791722086021596,Pessoa
182,0,6,0.516432702541351,17.15,6.98718515112823,50.9220900653557,0.120177313685417,0.59627566695148,Pessoa
183,0,3,0.34516242146492,17.2333333333333,7.00513479857279,51.0499932035045,0.0849781930446625,0.509640787256171,Pessoa
197,0,3,0.268618792295456,16.7333333333333,6.53946827540395,49.3550308232094,0.0849782451987267,1.89933157303553,Pessoa
198,0,5,0.340036451816559,15.92,6.28175253339827,47.8432329431394,0.123145133256912,2.45133652902685,Pessoa
203,0,4,0.0702182352542877,19.8,5.38404736656651,49.0443548788595,0.0849782451987267,3.03871960118252,Pessoa
204,0,4,0.227052748203278,23.05,5.21046680890687,51.725065350028,0.0735932514071465,3.25155344193482,Pessoa
205,0,6,0.21044559776783,20.45,5.06450185147874,48.6314693695424,0.131647631525993,3.53132253068822,Pessoa
206,0,3,0.166431069374084,20.4,4.95288250292573,48.1943210140185,0.0849781706929207,3.80914506006673,Pessoa
207,0,7,0.66218775510788,21.1285714285714,4.91512273851091,48.7899461219503,0.515903294086456,3.54848480128584,Pessoa
208,0,7,0.435064554214478,20.8,4.88893453296,48.3685688690391,0.0786745175719261,3.7495583023814,Pessoa
209,0,7,0.66863489151001,19.7285714285714,4.8430007595966,47.1331529150961,0.132428929209709,3.3334277324762,Pessoa
210,0,12,0.930609583854675,22.6083333333333,4.81630411982753,49.9168894184146,0.580181658267975,4.11714638408653,Pessoa
211,0,9,0.213368088006973,23.4666666666667,4.85700923022449,50.9214238188206,0.104076631367207,4.5161824643693,Pessoa
212,0,12,0.371222734451294,21.5416666666667,4.92277182469462,49.2300549172188,0.269943356513977,4.56189804040506,Pessoa
213,0,8,0.384140014648438,22.85,5.0283913729828,50.9071629046457,0.111262552440166,4.58841373094869,Pessoa
214,0,7,0.371129304170609,20.1142857142857,5.14521767345003,48.5704358238292,0.111262552440166,4.591370019525,Pessoa
215,0,3,0.224708870053291,18.5666666666667,5.29327913296445,47.5156585246343,0.0849781706929207,4.62336671806138,Pessoa
216,0,12,0.430016130208969,19.725,5.51712469735744,49.3935119975138,0.910208404064178,4.60696829958477,Pessoa
217,0,4,0.306770235300064,18.575,5.72645097060211,48.8904218671006,0.140920415520668,4.47410018451495,Pessoa
218,0,4,0.2934789955616,17.775,5.95223288548123,48.7621965984268,0.0735932514071465,4.16564156658931,Pessoa
284,2,18,0.508581459522247,21.9833333333333,5.40712061398764,51.3019756244407,0.153312116861343,1.70006067612437,Pessoa
285,2,10,0.724335670471191,21.96,5.2399138352729,50.7329658215385,0.319469809532166,1.80724691095851,Pessoa
288,2,3,0.0703548565506935,17.6666666666667,4.85873105190362,45.127581065846,0.0849781706929207,2.56778963842489,Pessoa
291,3,15,0.603518128395081,20.4066666666667,5.15599929091801,48.8991806248568,0.17116604745388,0.598165112640383,Pessoa
292,3,5,0.312747031450272,17.48,5.22607621548877,46.2070295621877,0.123145125806332,1.41293176582376,Pessoa
296,3,4,0.0703210458159447,17.075,5.60056009883592,47.0042584778911,0.0849782079458237,2.96422275397345,Pessoa
299,3,7,0.325095355510712,20.6,5.58885174011786,50.4929035558458,0.111262567341328,2.35331367830591,Pessoa
300,3,10,0.210653707385063,20.65,5.50085304727352,50.267201725199,0.116102322936058,1.83115636643072,Pessoa
301,3,8,0.472910165786743,19.725,5.46437168466397,49.22660928952,0.122830554842949,1.24718312084426,Pessoa
302,3,6,0.270971894264221,19.2833333333333,5.40101429904856,48.5823464159876,0.110798001289368,1.15399688485834,Pessoa
304,3,12,0.597574830055237,18.65,5.29392338885037,47.6011060842778,0.171876847743988,0.853141014045417,Pessoa
305,3,4,0.287572234869003,17.25,5.22979865826335,45.9893987723706,0.140920385718346,0.972748031248513,Pessoa
306,3,7,0.261835336685181,18.3,5.17202611714607,46.8464283707146,0.163774073123932,1.02598571854441,Pessoa
307,3,8,0.295576483011246,18.9125,5.11769178775411,47.2754650806613,0.175921574234962,1.12681391756812,Pessoa
308,3,9,0.210652858018875,18.7555555555556,5.07838240428756,46.9845715684539,0.115061022341251,1.26617882198683,Pessoa
309,3,6,0.273639291524887,18.7166666666667,5.05322463686157,46.859410861234,0.110798016190529,1.55036782108963,Pessoa
310,3,12,0.561205863952637,17.6916666666667,5.09093027826429,45.9635526383395,0.144939303398132,1.73765780126789,Pessoa
311,3,7,0.528140962123871,17.2857142857143,5.07628402257016,45.5075508161918,0.132428959012032,1.61293930600267,Pessoa
312,3,6,0.44930300116539,18.3666666666667,5.08860652682227,46.6306214920373,0.144712641835213,1.63685322162608,Pessoa
313,3,8,0.111791126430035,17.4125,5.08270786671618,45.6563059578968,0.136268258094788,1.6121114797616,Pessoa
315,3,10,0.360350251197815,20.07,5.10578056108137,48.3924858213192,0.128875821828842,1.3213556799217,Pessoa
316,3,8,0.3156658411026,17.6875,5.12013258680025,46.0587482903627,0.207221880555153,1.0422460973683,Pessoa
317,3,12,0.341466337442398,18.8333333333333,5.11506727548064,47.1873873375899,0.142080247402191,0.920139660497026,Pessoa
318,3,13,0.332730114459991,20.4,5.11172265086161,48.74269128279,0.136413767933846,1.10241010681369,Pessoa
319,3,10,0.467483460903168,17.84,5.14263614979144,46.2874319335458,0.176214531064034,1.24440383272071,Pessoa
320,3,10,0.358168959617615,18.41,5.14786156867986,46.8750743904688,0.196861043572426,1.14140552051851,Pessoa
321,3,4,0.240347966551781,21.925,5.16817286763917,50.4584812691885,0.0735932737588882,1.32548935922583,Pessoa
322,3,5,0.432909101247787,22.4,5.17413546222474,50.9535117856315,0.147186547517776,1.29592004995405,Pessoa
324,3,3,0.35519540309906,18.9666666666667,5.26953425713104,47.8375559545126,0.169956341385841,1.72137640241746,Pessoa
327,3,6,0.265517801046371,18.7333333333333,5.5635664535225,48.5474645256099,0.0806173756718636,2.27078294954365,Pessoa
375,4,12,0.542914509773254,21.6833333333333,3.71687311246067,44.4904427451606,0.167524844408035,1.64942615739911,Pessoa
376,4,10,0.382619023323059,24.17,3.8843142496947,47.7425743220191,0.102913677692413,1.74172236356317,Pessoa
383,5,25,0.753801345825195,25.024,2.21109554820169,38.8083004070862,0.529803395271301,1.1711405100183,Pessoa
384,5,23,0.867948234081268,27.5869565217391,2.09870731211353,40.4650315476985,0.415379792451859,1.18442636976791,Pessoa
386,5,22,0.7170769572258,28.7454545454545,1.77988112619362,38.7610944588865,0.546790838241577,1.65748886569554,Pessoa
387,5,27,0.918511688709259,28.1814814814815,1.67267786979619,37.1179739235574,0.826624095439911,1.38918498507996,Pessoa
388,5,35,0.818126082420349,26.4485714285714,1.49252682376255,33.4054572298706,0.363699167966843,1.52411635510147,Pessoa
389,5,20,0.631425976753235,32.205,1.34259145746438,37.3227551825131,1.01007676124573,1.47827159510572,Pessoa
390,5,22,0.858812093734741,25.6318181818182,1.14921812345681,28.0479168340724,1.24636363983154,1.86520266155697,Pessoa
390,6,14,1.62512826919556,22.1928571428571,3.17294870752833,42.2513792047184,0.307814389467239,1.51244463447141,Pessoa
391,5,31,0.656724095344543,27.0967741935484,0.87724701012669,24.8216500618558,1.39049983024597,2.65388591776368,Pessoa
392,5,36,0.835929155349731,26.225,0.665625232684242,19.1541910774497,0.541083931922913,3.17495481584503,Pessoa
393,5,23,0.751777291297913,28.0260869565217,0.43609699766732,13.6094108269439,0.207947418093681,3.53973751181235,Pessoa
394,5,10,0.402861207723618,29.18,0.132001382460104,-5.99686081490222,0.515736639499664,3.7055030664874,Pessoa
395,6,3,0.0758543163537979,16.7666666666667,2.5385093078496,32.9498170728101,0.0849782451987267,1.14801018075379,Pessoa
395,7,16,0.511401057243347,21.01875,0.751809158836916,16.0630544862958,0.639316320419312,0.841275062190708,Pessoa
396,6,12,1.19809508323669,23.0333333333333,2.27134700797816,37.2846729009344,0.159494996070862,1.73115392535646,Pessoa
396,7,27,0.963100552558899,21.3592592592593,0.685768051203001,14.8063491868615,0.343255490064621,0.660903724478721,Pessoa
397,6,9,0.416493862867355,18.7888888888889,2.10010610961322,31.6785384240608,0.143039613962173,1.79210016800932,Pessoa
397,7,25,1.41396713256836,21.316,0.63717659060735,13.486392470675,0.345496654510498,0.581253497735306,Pessoa
398,7,26,0.921929001808167,19.1846153846154,0.605012557969885,10.4551909525603,0.311588674783707,0.46094357514972,Pessoa
399,7,22,1.14099061489105,19.5681818181818,0.595283614429026,10.5571389572421,0.550082623958588,0.339765616616297,Pessoa
400,7,21,1.06452894210815,19.0333333333333,0.591611074935147,9.91478514836957,0.529813170433044,0.315391099224336,Pessoa
401,7,17,0.72268408536911,20.2882352941176,0.596367751542968,11.3088013355505,0.563446044921875,0.14587365011413,Pessoa
402,7,13,0.6040980219841,18.2307692307692,0.617434820974917,9.85441396650056,0.168314263224602,0.23849335848825,Pessoa
403,7,8,0.0949356779456139,18.3125,0.619405177323023,9.99149324415155,0.175921574234962,0.199013003230014,Pessoa
405,7,7,0.963559329509735,16.6428571428571,0.648365087356734,9.11564199346113,0.0786745175719261,0.275513791839144,Pessoa
406,7,4,0.142369508743286,17.325,0.645748888076379,9.72754668114158,0.147186547517776,0.0842502332744198,Pessoa
409,7,5,1.08253252506256,15.92,0.726173489857362,10.3616156096344,0.16781847178936,0.384369178305774,Pessoa
410,7,3,0.00395059585571289,15.8666666666667,0.725989283555782,10.3038750689437,0.147186547517776,0.413015697087829,Pessoa
413,7,3,0.00327503681182861,15.9666666666667,0.731431620255624,10.5336159160831,0.147186547517776,0.434131113653495,Pessoa
414,7,9,1.17585945129395,17.3666666666667,0.700473265155201,11.1823292384254,0.149216800928116,0.259983137458953,Pessoa
416,7,4,0.131963178515434,16.525,0.729718992622681,11.0512259966812,0.147186547517776,0.142242561865705,Pessoa
90,0,20,0.587827384471893,19.69,1.2576562438914,23.6724780519316,0.160348370671272,0.764683054599064,Carro
91,0,18,0.739545583724976,21.1722222222222,1.26257243645828,25.2224743782597,0.151453718543053,0.587512099846129,Carro
92,0,23,0.520054340362549,21.5695652173913,1.32109530704971,26.4069312098665,0.152613282203674,0.291629917430055,Carro
93,0,24,0.453927904367447,25.575,1.34444851717811,30.7167670594411,0.155358910560608,0.2868133795846,Carro
94,0,21,0.459050267934799,27.2142857142857,1.33529855643467,32.2374208940902,0.12314510345459,0.244271830154842,Carro
95,0,30,0.384865909814835,27.4633333333333,1.34571903098406,32.6215091008939,0.175790086388588,0.352393242469175,Carro
96,0,28,1.10781121253967,23.1428571428571,1.35515983853253,28.422478040535,0.156893089413643,0.503109343964645,Carro
97,0,28,0.804299533367157,24.6571428571429,1.36983450265048,30.1238668885882,0.153196588158607,0.514645080011766,Carro
98,0,25,0.473403543233871,25.752,1.391576748899,31.4922865498107,0.133823782205582,0.486159405111428,Carro
99,0,25,0.987264513969421,23.848,1.41556724201365,29.8852201586948,0.15319661796093,0.457487718204864,Carro
100,0,26,0.792634189128876,24.8153846153846,1.4420393137694,31.1744686373889,0.155446320772171,0.319581448298532,Carro
101,0,28,0.561174213886261,24.225,1.45879081790852,30.7847208425326,0.162368267774582,0.249597212656177,Carro
102,0,27,0.661756217479706,25.5407407407407,1.47576614836779,32.3014425058117,0.158882573246956,0.287433920638251,Carro
103,0,21,0.460281759500504,24.2190476190476,1.49197623817866,31.1695238766835,0.12314510345459,0.301460943357977,Carro
104,0,26,0.630764186382294,19.7730769230769,1.49906653852448,26.8059133290076,0.154478460550308,0.141310468586856,Carro
105,0,22,1.02226829528809,19.9636363636364,1.5071374351143,27.0897506523796,0.189893588423729,0.161498274021936,Carro
106,0,23,0.972053110599518,20.5173913043478,1.494845259791,27.5012408489716,0.19143870472908,0.404718008950717,Carro
107,0,27,1.19705271720886,21.7518518518519,1.46454723502726,28.3799871815529,0.249180197715759,0.556384711004806,Carro
108,0,9,0.642185151576996,22.6333333333333,1.41921252961343,28.7152308014401,0.269841998815536,0.634554662809778,Carro
109,0,34,0.674545764923096,27.0147058823529,1.37237836746378,32.5136604318614,0.756707429885864,0.937334250798261,Carro
110,0,20,0.713441729545593,25.045,1.35135233575822,30.2757438654214,0.247560024261475,0.826806272169215,Carro
111,0,33,1.21283435821533,24.8909090909091,1.33464480535158,29.905537109171,0.393715053796768,0.542103463020344,Carro
112,0,30,1.10146200656891,22.09,1.34933613017244,27.2948059719101,0.175790056586266,0.272036751247878,Carro
113,0,28,1.19894874095917,23.0678571428571,1.37608723869501,28.6136958384552,0.246940910816193,0.873148497351822,Carro
114,0,29,0.826734006404877,21.2793103448276,1.36794150578436,26.7220114256239,0.16037206351757,0.75980858062504,Carro
115,0,19,0.620859086513519,24.1842105263158,1.35846232232012,29.506114427554,0.157578900456429,0.647265377046783,Carro
116,0,19,0.725570678710938,24.9473684210526,1.35285676816145,30.1974411692171,0.149746507406235,0.33410396229823,Carro
117,0,22,0.686444461345673,26.0318181818182,1.33585454283988,31.0621850498803,0.16088542342186,0.162273558890034,Carro
118,0,21,0.984909355640411,24.8428571428571,1.3163597377614,29.6178407618479,0.158329427242279,0.186124163674364,Carro
119,0,22,0.768776118755341,24.0409090909091,1.29729417722564,28.5624478431138,0.147504806518555,0.147169460194326,Carro
120,0,19,0.707017064094543,27.1105263157895,1.26968207757173,31.2583258865911,0.137852847576141,0.253464235506414,Carro
121,0,22,0.471711456775665,29.5227272727273,1.27167136305443,33.6977229311162,0.13557830452919,0.169342922237669,Carro
122,0,24,0.780327498912811,29.0833333333333,1.26273491462816,33.1358208884854,0.184143111109734,0.20448810088121,Carro
123,0,30,0.445702075958252,30.55,1.23550985037269,34.2238484903884,0.190932124853134,0.243850791134095,Carro
124,0,31,1.28340816497803,24.7677419354839,1.22298292346007,28.2645576560575,0.164665713906288,0.210832779566513,Carro
125,0,25,0.918096721172333,28.084,1.19253137054552,31.1427924938317,0.163899973034859,0.370625675726684,Carro
126,0,32,1.40194940567017,27.959375,1.16716486063006,30.644663158014,0.186927109956741,0.352012241196052,Carro
127,0,32,1.46457958221436,24.990625,1.13753655303098,27.2292394382067,0.213947892189026,0.295338525959096,Carro
128,0,28,0.748276889324188,26.6892857142857,1.09607610140281,28.2829140580271,0.176571950316429,0.367075402375423,Carro
129,0,23,0.982352674007416,26.895652173913,1.04038010697283,27.5833337536007,0.177030622959137,0.490687645492711,Carro
130,0,23,1.10301208496094,25.695652173913,0.988840242614087,25.5006974735732,0.212630107998848,0.541492925965563,Carro
131,0,25,1.1754252910614,25.388,0.968361163730288,24.8294945469446,0.182851240038872,0.438078300910738,Carro
132,0,24,0.971155524253845,24.2541666666667,0.929012380336204,22.9750267302173,0.191559836268425,0.437524086099678,Carro
133,0,22,1.15968132019043,20.6318181818182,0.921674366277187,19.2149185420337,0.197993189096451,0.321219454116015,Carro
134,0,21,1.40017175674438,21.5380952380952,0.893805983201288,19.5878255393931,0.16720262169838,0.312338893362344,Carro
135,0,16,0.53158164024353,21.4,0.86640467291096,18.9088314387797,0.16011118888855,0.322026500926483,Carro
136,0,18,1.21763277053833,20.6,0.851171621121093,17.8006854158975,0.188144862651825,0.266075505525312,Carro
137,0,21,1.41780209541321,18.4333333333333,0.831051299087696,15.2184466420062,0.222756832838058,0.319126184170221,Carro
138,0,24,0.58130019903183,20.6333333333333,0.780085208211673,16.3190150530053,0.351213157176971,0.695185656314956,Carro
139,0,17,1.12637269496918,19.8411764705882,0.752636916876611,14.9045971374409,0.20853553712368,0.764930859532388,Carro
140,0,19,1.15123462677002,22.1736842105263,0.735414046979004,16.8349610494743,0.195602104067802,0.66946292524522,Carro
141,0,19,1.31916630268097,20.0052631578947,0.731927483200671,14.5839853507286,0.218544915318489,0.488192545298516,Carro
142,0,16,0.617137551307678,18.44375,0.742230307297042,13.2652973523369,0.156692042946815,0.133768974428146,Carro
143,0,17,1.22872400283813,18.8764705882353,0.750827970194958,13.8980882999139,0.173052385449409,0.166240149732301,Carro
144,0,15,1.33211302757263,18.1866666666667,0.768338636227709,13.6087735632965,0.171166062355042,0.357367092082924,Carro
145,0,27,1.53494358062744,21.5518518518519,0.735837463005124,16.2231276473357,0.285539329051971,0.426732704022145,Carro
146,0,34,1.23787319660187,22.7411764705882,0.712893361574706,16.8621592947708,0.491218358278275,0.559549355698605,Carro
147,0,24,0.739926755428314,18.3875,0.669932305958997,11.4287368463166,0.447387367486954,0.560343307668456,Carro
148,0,23,0.673253238201141,18.9913043478261,0.619186495054243,10.6641633667458,0.391064614057541,0.713764551225097,Carro
149,0,18,1.24472200870514,18.2888888888889,0.623308256683156,10.0770040822126,0.21746814250946,0.316478418644178,Carro
150,0,6,0.138147309422493,16.2833333333333,0.598827391551469,7.37539963795457,0.110798001289368,0.371232890122984,Carro
151,0,4,0.446110427379608,15.25,0.597881438762334,6.31460283804555,0.120177313685417,0.418933406029319,Carro
152,0,4,0.400584667921066,16.05,0.595201917433264,7.03657286450649,0.281840771436691,0.456767041509444,Carro
153,0,14,0.452685207128525,17.4428571428571,0.657334941921166,10.1543258894324,0.159229025244713,0.381568317256325,Carro
154,0,10,0.404617488384247,16.96,0.662908072361105,9.81813230153925,0.198686704039574,0.25405146467884,Carro
155,0,12,0.429295599460602,19.0583333333333,0.689787414261422,12.6069439750823,0.18653017282486,0.424302028923133,Carro
156,0,14,1.17818415164948,16.5357142857143,0.710069076396144,10.5877382648116,0.17993551492691,0.360116926781993,Carro
157,0,9,0.249011680483818,16.6666666666667,0.699198944777542,10.4506972344644,0.191593959927559,0.201183999758512,Carro
158,0,11,0.799030721187592,16.0545454545455,0.691707467004746,9.65144401163076,0.202396720647812,0.133885407784899,Carro
159,0,4,0.0921162590384483,17.85,0.698834772279522,11.6249802504557,0.169956386089325,0.152649566200859,Carro
160,0,10,0.454623252153397,16.8,0.686692569299641,10.27049391676,0.172765776515007,0.179429000387246,Carro
161,0,3,0.0702177435159683,16.3,0.677227994458721,9.52939608661115,0.169956386089325,0.0844590253524391,Carro
162,0,7,0.139927610754967,18.6285714285714,0.653228413709316,11.2311741140706,0.184508085250854,0.157570724170354,Carro
163,0,4,0.143310755491257,17.425,0.636146425826678,9.56728365796773,0.169956386089325,0.290213203650971,Carro
164,0,4,0.0596713609993458,17.4,0.583587318257601,8.04423383258606,0.169956386089325,0.426057994308829,Carro
166,0,4,0.061944380402565,17.6,0.580311251586761,8.14643964523646,0.169956386089325,0.520579605013305,Carro
167,0,5,0.225007936358452,17.54,0.583546038552612,8.18300500655729,0.161234781146049,0.595976284110582,Carro
173,0,3,0.0830001831054688,16.7333333333333,0.601030302159603,7.88918806894737,0.169956386089325,0.073185712141414,Carro
187,0,4,0.0942526757717133,16.4,0.709755871486777,10.4443597573211,0.169956386089325,0.797571928579109,Carro
188,0,4,0.052616611123085,16.875,0.720859951112136,11.1890359220855,0.169956386089325,0.556358100194879,Carro
189,0,5,0.383350312709808,17.02,0.672352237833804,10.123874188201,0.131647646427155,0.452188797601724,Carro
190,0,9,0.483667135238647,17.4555555555556,0.642531460917587,9.77133144850709,0.147186547517776,0.231209889287628,Carro
191,0,16,0.607801854610443,18.86875,0.64790885608541,11.3293066494407,0.182257920503616,0.468707886891725,Carro
192,0,17,0.469342738389969,19.0294117647059,0.661382811398486,11.8475279205141,0.155091196298599,0.233464915779963,Carro
193,0,14,0.679627060890198,17.8142857142857,0.679899247451628,11.1120681332586,0.138434827327728,0.223288175454824,Carro
194,0,16,0.810473501682281,19.4625,0.714754136267832,13.6287670916297,0.20109511911869,0.325415894266713,Carro
195,0,23,1.12497317790985,21.0739130434783,0.741354203281607,15.874943212952,0.271524757146835,0.346085180901754,Carro
196,0,18,0.903502523899078,21.7166666666667,0.790903224719266,17.6416005177422,0.188895970582962,0.504541787833794,Carro
197,0,20,0.528615832328796,24.455,0.846098349721259,21.5518339191353,0.153072521090508,0.591999580707472,Carro
198,0,19,0.540862202644348,23.7631578947368,0.91956641994482,22.3064820402559,0.174007922410965,0.699130629288714,Carro
199,0,20,1.12860691547394,25.1,0.96369693205537,24.4576190561058,0.193829104304314,0.665992594006707,Carro
200,0,21,0.966916978359222,24.4190476190476,1.0180019935528,24.7289927582573,0.183104991912842,0.599184869424755,Carro
201,0,27,1.28124737739563,21.7962962962963,1.04483523146124,22.5582086334456,0.189691931009293,0.532303830429566,Carro
202,0,37,1.82732951641083,22.2567567567568,1.09353315697135,23.8100349886534,0.24384793639183,0.43784946977537,Carro
203,0,23,0.659436404705048,26.6913043478261,1.12719877504844,28.771324673596,0.157582104206085,0.388537516239964,Carro
204,0,21,0.686451256275177,28.8190476190476,1.1549843393971,31.3220914432553,0.165341302752495,0.283443732454644,Carro
205,0,24,0.743659973144531,28.5125,1.17233737272535,31.274604399995,0.173159077763557,0.259666800671895,Carro
206,0,26,0.557688415050507,28.6576923076923,1.18331702558113,31.581736835512,0.185819506645203,0.172862259686373,Carro
207,0,19,0.496955722570419,27.4631578947368,1.19833137761376,30.6062351433659,0.120177321135998,0.164039688979711,Carro
208,0,19,0.450693398714066,22.7315789473684,1.20330584782279,25.9466200389559,0.157980382442474,0.180560089707985,Carro
209,0,11,0.482139736413956,19.1,1.20048651621656,22.2742914581666,0.138926401734352,0.23978586666324,Carro
210,0,14,0.366772085428238,19.9357142857143,1.20344880677503,23.1528191118517,0.151176080107689,0.0666001176815325,Carro
211,0,8,0.59206348657608,17.65,1.21406243103991,21.0196408059449,0.130466923117638,0.0678244605400829,Carro
212,0,10,0.593661189079285,18.08,1.22103269995763,21.5490917902603,0.121174648404121,0.0700060903374913,Carro
213,0,27,0.680337369441986,25.1925925925926,1.22901980877322,28.7749479006162,0.20106440782547,0.107086340757513,Carro
214,0,28,0.852213203907013,25.5,1.2324793341343,29.1311858353198,0.236023545265198,0.130496862260894,Carro
215,0,32,0.713890194892883,26.040625,1.23860581486115,29.7579495821232,0.262863665819168,0.169775782191437,Carro
216,0,32,0.87218976020813,26.734375,1.24352381751179,30.5205393133056,0.236446142196655,0.237925678348339,Carro
217,0,22,0.478721261024475,29.1863636363636,1.25225800410141,33.0941162869915,0.162191674113274,0.237336660709945,Carro
218,0,28,0.794288814067841,26.1857142857143,1.27470471595824,30.4020979876617,0.195077076554298,0.292432992669894,Carro
219,0,24,0.772636651992798,23.7083333333333,1.3130588145893,28.439700511856,0.206639334559441,0.379678183642044,Carro
220,0,29,1.04552793502808,23.2551724137931,1.35626556403528,28.5489618151814,0.168167874217033,0.386215648441315,Carro
221,0,21,0.75593501329422,25.8095238095238,1.39712096727017,31.6188842242705,0.150650233030319,0.412084806126538,Carro
222,0,24,0.729566633701324,23.1083333333333,1.44444241845129,29.4963426821742,0.186578020453453,0.433723945820991,Carro
223,0,28,1.24091184139252,22.6607142857143,1.47956263004227,29.4660484303945,0.181296288967133,0.468019832524568,Carro
224,0,16,0.481076180934906,25.825,1.51575279147802,33.050135068954,0.120177313685417,0.529272232220181,Carro
225,0,29,0.810132622718811,25.2931034482759,1.54320314017882,32.8300273826189,0.160205572843552,0.446596240452026,Carro
226,0,15,0.588701009750366,23.66,1.56889722313118,31.4837797730766,0.1593037545681,0.671480374889992,Carro
227,0,16,0.434005856513977,29.125,1.57955921412843,37.0664364508547,0.120177321135998,0.527214709842949,Carro
228,0,18,0.802253901958466,23.0111111111111,1.59741408067155,31.1478114420758,0.122511059045792,0.362206184445482,Carro
229,0,20,0.51270854473114,24.64,1.60986088529173,32.9115339391495,0.161234781146049,0.24995516703745,Carro
230,0,7,0.511089861392975,17.0142857142857,1.62050767596523,25.4003294152586,0.143639370799065,0.155497553019134,Carro
231,0,13,1.01142692565918,20.4076923076923,1.61311295230702,28.7142834408499,0.125822499394417,0.246024931650349,Carro
232,0,20,1.58870351314545,21.27,1.60552850409768,29.4947208124807,0.168665662407875,0.211763335842879,Carro
233,0,16,0.444035708904266,27.15625,1.58279440792118,35.1332302886455,0.149317592382431,0.286767589901387,Carro
234,0,15,1.11874711513519,21.7733333333333,1.55647017909916,29.4589655058898,0.237331166863441,0.324065099326659,Carro
235,0,27,0.785738229751587,21.2222222222222,1.50680736594311,28.3445316046455,0.249922156333923,0.37961742205112,Carro
236,0,19,0.77003687620163,23.1842105263158,1.48033218623753,29.9985778032495,0.174007922410965,0.346750754593895,Carro
237,0,30,1.0138064622879,24.3433333333333,1.44596112698983,30.7495980375454,0.220695197582245,0.391860550837652,Carro
238,0,23,0.795675575733185,25.5521739130435,1.41408629091989,31.5712103912494,0.206501200795174,0.4084025108139,Carro
239,0,26,0.73720920085907,23.1269230769231,1.34878942836316,28.3246892109274,0.197724461555481,0.509697958994376,Carro
240,0,27,1.00854408740997,25.5185185185185,1.28931136937341,29.9328310131455,0.180693432688713,0.577971888461218,Carro
241,0,21,1.06849253177643,24.3904761904762,1.27063222688055,28.5512708342205,0.16720262169838,0.444243891412297,Carro
242,0,18,0.756441533565521,23.45,1.22744569841176,27.0100915299095,0.173461005091667,0.437995543750738,Carro
243,0,28,1.24204099178314,22.9321428571429,1.1959075629151,26.0400473520229,0.178829506039619,0.479010052495946,Carro
244,0,34,0.968197882175446,22.4352941176471,1.17039533192138,25.1685973557745,0.170466840267181,0.600617299400547,Carro
245,0,31,1.0083179473877,22.0967741935484,1.15669208370392,24.6254847263476,0.171593263745308,0.556365542383847,Carro
246,0,36,1.27370154857635,23.075,1.13532744582856,25.2798454711048,0.190694406628609,0.506671529660811,Carro
247,0,29,1.15276396274567,24.9758620689655,1.08722397234497,26.4286228548216,0.189078658819199,0.456552748465151,Carro
248,0,34,1.1414076089859,23.3882352941176,1.06384301624507,24.4633371715586,0.218869403004646,0.437982481268157,Carro
249,0,32,0.892798900604248,24.759375,1.02578874556596,25.2016921958802,0.228890299797058,0.532369834981538,Carro
250,0,22,0.711045563220978,28.9636363636364,0.982929966025463,28.6645393779508,0.201281577348709,0.498269610624415,Carro
251,0,30,0.874098420143127,30.12,0.957800476983908,29.3710019593986,0.247751832008362,0.335277707983878,Carro
252,0,23,0.758833050727844,29.0913043478261,0.938764062466571,27.9935625754636,0.324534177780151,0.220389951279142,Carro
253,0,22,0.88833612203598,30.6,0.923986935493846,29.2266332261617,0.497958123683929,0.286584254166249,Carro
254,0,20,0.692254543304443,30.17,0.907387508447126,28.4817118501942,0.438384979963303,0.183460811392822,Carro
255,0,27,0.69810152053833,30.2777777777778,0.878352192400232,28.0245253637579,0.422925412654877,0.230719402940884,Carro
256,0,23,0.712827861309052,31.4391304347826,0.869720439496046,29.014317500666,0.22514833509922,0.180907708354249,Carro
257,0,26,0.459175795316696,29.5038461538462,0.874159151281443,27.1674664903895,0.193894743919373,0.155697822951264,Carro
258,0,21,0.529462933540344,25.9,0.887325993275181,23.8233281560864,0.179692789912224,0.347686135208315,Carro
259,0,17,0.596559226512909,26.6,0.90851265646359,24.9332392732034,0.197954878211021,0.416910379147977,Carro
260,0,23,0.514093995094299,21.3086956521739,0.92796863084218,20.0100274732385,0.258768379688263,0.335203160834515,Carro
261,0,12,0.378390461206436,20.0833333333333,0.945697110221349,19.1134158116997,0.157943934202194,0.236098021786448,Carro
262,0,10,0.489155262708664,21.8,0.958541315219846,21.0644334662493,0.15201361477375,0.367739684598058,Carro
263,0,10,0.261166334152222,21.25,0.954104454040553,20.4338369307278,0.155922055244446,0.181497193935285,Carro
264,0,13,0.43761134147644,19.9615384615385,0.937462249247143,18.8396899858486,0.151830807328224,0.0450553540147749,Carro
265,0,18,0.325418829917908,23.8722222222222,0.926470980186148,22.5454950413858,0.16849210858345,0.0473684261401866,Carro
266,0,20,0.291374951601028,23.26,0.933131622197045,22.0577162862868,0.168834552168846,0.0952893016982495,Carro
267,0,20,0.387313991785049,24.92,0.921254697319462,23.4951886106288,0.161234796047211,0.125401582114073,Carro
268,0,15,0.238189235329628,25.74,0.910248843085964,24.1064054249555,0.156032279133797,0.206688677943813,Carro
269,0,12,0.177343562245369,25.1916666666667,0.90154696179138,23.3912008326042,0.157943949103355,0.333899257054298,Carro
270,0,15,0.35498258471489,21.5666666666667,0.885902818919917,19.4621100106978,0.165652990341187,0.201171655318631,Carro
271,0,10,0.350979745388031,19.49,0.873399258808852,17.1385127612392,0.155922055244446,0.137398314760972,Carro
272,0,4,0.595831692218781,17.15,0.859884032197858,14.527595371949,0.147186547517776,0.146879793864988,Carro
273,0,6,0.262873619794846,17.6333333333333,0.855200985027462,14.9160610303306,0.15201361477375,0.109721473462989,Carro
274,0,13,0.289542138576508,23.6769230769231,0.879142977155481,21.4393035242483,0.165820568799973,0.0651597278226874,Carro
275,0,16,0.311810880899429,23.54375,0.890563047108982,21.5303368247293,0.169956386089325,0.131005247498114,Carro
276,0,19,0.316585958003998,25.2842105263158,0.887103648637423,23.2031851460327,0.165040031075478,0.110773748646243,Carro
277,0,18,0.356989413499832,24.8222222222222,0.889558979132863,22.7892121329737,0.161629483103752,0.171052408184802,Carro
278,0,22,0.56756180524826,25.2909090909091,0.883414019036253,23.1374805654937,0.427641093730927,0.294335281045077,Carro
279,0,19,0.543677151203156,22.6473684210526,0.873815031211266,20.3041488648325,0.249408230185509,0.460057451315617,Carro
280,0,24,0.653489828109741,22.6541666666667,0.8707734080748,20.2503729852087,0.23739729821682,0.429518068953038,Carro
281,0,20,0.864566564559937,23.94,0.87341177497084,21.588761704026,0.349206030368805,0.371702365777474,Carro
282,0,11,0.568916320800781,24.9181818181818,0.881769236846702,22.7323795419638,0.1524448543787,0.152298056638606,Carro
283,0,18,0.85193532705307,21.5777777777778,0.89603749918909,19.6708251888215,0.233936056494713,0.046720068658293,Carro
284,0,15,0.755626380443573,21.0066666666667,0.897650805835066,19.1309636704491,0.204149886965752,0.18466003231537,Carro
285,0,19,0.502616763114929,18.7315789473684,0.918113394313512,17.2474318809668,0.157980382442474,0.249172730005993,Carro
286,0,13,0.725593090057373,18.1307692307692,0.941692996704491,17.0871428555046,0.15455037355423,0.141466290375345,Carro
287,0,22,0.86418342590332,20.1045454545455,0.946271169323084,19.1451697886297,0.16088542342186,0.129424482802882,Carro
288,0,17,0.346845477819443,23.1,0.966965665991049,22.5164421552394,0.187201797962189,0.402122117684938,Carro
289,0,17,0.84574556350708,21.5647058823529,0.964624756919265,20.9390420350702,0.194709524512291,0.463928263733026,Carro
290,0,10,0.156126514077187,30.33,0.969371623573487,29.789612098621,0.196861043572426,0.65131819936863,Carro
291,0,23,0.698839724063873,26.5130434782609,0.955418897852741,25.7207965672908,0.624048173427582,0.411632094502208,Carro
292,0,25,0.768837213516235,27.252,0.935212462198135,26.088411415793,0.669766128063202,0.210035660275235,Carro
293,0,30,0.806296348571777,27.16,0.936721364435919,26.0244170236069,0.321889907121658,0.202725982089523,Carro
294,0,32,0.753297805786133,27.55625,0.945525502136666,26.5831798745874,0.381257981061935,0.195986993380726,Carro
295,0,21,0.492871880531311,30.3333333333333,0.947829526947534,29.4025426849373,0.530494213104248,0.170757587094787,Carro
296,0,18,0.740241527557373,25.6833333333333,0.975286456965807,25.2486210754354,0.529820740222931,0.241335339028257,Carro
297,0,23,0.729779601097107,26.4130434782609,0.983447568450971,26.1230919136745,0.433930784463882,0.300191355365617,Carro
298,0,29,0.858866751194,25.6275862068966,0.954998145309415,24.8276873327524,0.323394864797592,0.225677609578549,Carro
299,0,21,0.750806629657745,26.5333333333333,0.952805858177188,25.6935100803073,0.171467140316963,0.271815699229885,Carro
300,0,20,0.477472722530365,21.835,0.986424646517111,21.5975565951151,0.157478392124176,0.298837308498629,Carro
301,0,23,0.715498030185699,26.7347826086957,1.03512450665773,27.3344862352851,0.185532882809639,0.475145016187792,Carro
302,0,29,1.16555714607239,23.9758620689655,1.08604218191358,25.4097298126527,0.246528401970863,0.583346252997033,Carro
303,0,33,1.3972852230072,21.4969696969697,1.13572431884539,23.7078867078134,0.25565779209137,0.554379840303202,Carro
304,0,33,1.02454102039337,22.6818181818182,1.18149260534657,25.5790584954676,0.22464856505394,0.512532329545107,Carro
305,0,27,1.33648324012756,26.8777777777778,1.21565731573757,30.270224497001,0.186244189739227,0.409955691167279,Carro
306,0,24,0.553650319576263,26.5041666666667,1.24649302584608,30.3317607850707,0.182430103421211,0.322185077881612,Carro
307,0,21,0.573978304862976,24.0619047619048,1.25564822968151,28.0166243091056,0.158329412341118,0.225772894837169,Carro
308,0,19,0.448820888996124,21.5684210526316,1.24600273059332,25.3891808155516,0.148898094892502,0.0864802731847628,Carro
309,0,23,0.671868741512299,24.5304347826087,1.23456363733466,28.1909740294213,0.192997857928276,0.118137624712493,Carro
310,0,30,0.799164772033691,23.5233333333333,1.20022603196182,26.6938550148979,0.219166740775108,0.295977158341005,Carro
311,0,42,1.19338119029999,23.4571428571429,1.14931141127549,25.8746516069152,0.342879176139832,0.48106795282281,Carro
312,0,37,1.34052848815918,23.1216216216216,1.09589030446319,24.7123050083378,0.416891992092133,0.65135250913447,Carro
313,0,36,1.31384670734406,24.8444444444444,1.00665468096002,24.9596651385567,0.370944797992706,0.776774408788059,Carro
314,0,23,1.74955976009369,22.8130434782609,0.950062610752159,21.9231325575271,0.23826739192009,0.737251484005245,Carro
315,0,20,1.06052982807159,19.41,0.927563327364955,18.1037427923475,0.185564413666725,0.627104024909449,Carro
316,0,11,1.17708075046539,21.6636363636364,0.900846020247699,19.8496589341366,0.228882506489754,0.524275168679206,Carro
317,0,19,0.678309917449951,25.8421052631579,0.872175811912002,23.4662667910588,0.210272639989853,0.460635474424519,Carro
318,0,22,0.709059357643127,27.6681818181818,0.861234097795472,25.0730304576103,0.229578003287315,0.362750113512791,Carro
319,0,20,0.467521131038666,25.34,0.844735250465602,22.4088246998627,0.193829134106636,0.262281671384195,Carro
320,0,21,0.571853935718536,26.1904761904762,0.809129249523642,22.5111922278424,0.220662966370583,0.349475245343441,Carro
321,0,23,0.965859115123749,26.6260869565217,0.775133566591718,22.2011487205535,0.290566980838776,0.425639759547253,Carro
322,0,21,0.431078016757965,25.8714285714286,0.739222215239884,20.6224289676121,0.248375669121742,0.465655997317314,Carro
323,0,23,0.694653511047363,21.9391304347826,0.73046068867254,16.4830043707432,0.203367441892624,0.34601228169942,Carro
324,0,19,0.399309247732162,20.4842105263158,0.704602593664095,14.4019800263031,0.195602104067802,0.40487927316223,Carro
325,0,22,1.13208329677582,19.6863636363636,0.678855052540103,12.9574458239623,0.220832914113998,0.425183187425436,Carro
326,0,18,0.654440701007843,17.9888888888889,0.672305840259125,11.0915642467854,0.236793607473373,0.267310465162523,Carro
327,0,11,0.567583978176117,19.9363636363636,0.652581161483298,12.5217449383766,0.186177894473076,0.237347248116494,Carro
327,1,11,0.357997626066208,19.3090909090909,1.83955177735886,29.8975715613603,0.122342832386494,0.570628617972249,Carro
328,0,20,0.602794051170349,18.64,0.632819863426012,10.6912041066214,0.161234781146049,0.200581418294169,Carro
329,0,12,0.406776756048203,18.0166666666667,0.614097906439635,9.54617133881293,0.142080247402191,0.152864999947994,Carro
329,1,4,0.29938992857933,16.325,1.76655418862729,26.2100785541828,0.0849781930446625,0.771066582841425,Carro
330,0,10,0.230636715888977,18.66,0.594916444708731,9.63823895518652,0.158220782876015,0.197000521821589,Carro
330,1,4,0.224959790706635,16.65,1.71722696357763,26.043107962877,0.120177313685417,1.15962992557982,Carro
331,0,10,0.163027659058571,19.27,0.5794915915116,9.79188554733529,0.158979639410973,0.162513877112377,Carro
331,1,3,0.115261040627956,15.8333333333333,1.6664145591766,24.7046553858234,0.0849781930446625,0.986326998331046,Carro
332,1,5,1.08395576477051,15.78,1.62294390636543,24.1921403844983,0.12314510345459,0.720471344103712,Carro
333,1,8,1.07440555095673,17.3,1.60742218054289,25.5451982715298,0.136268258094788,0.735054628923495,Carro
334,0,10,0.702084839344025,16.88,0.60830429388996,8.24483528262569,0.515736639499664,0.238858867916474,Carro
334,1,8,1.14781904220581,17.2625,1.60567854690177,25.4888441961088,0.122830547392368,0.404214465960235,Carro
335,0,15,0.914521634578705,17.9,0.646384329283404,10.3196327603987,0.687370955944061,0.326672860109744,Carro
336,0,13,0.274170100688934,19,0.702611916679549,12.8686204555464,0.19363671541214,0.640593110950653,Carro
337,0,11,0.46924763917923,17.8,0.70366309758469,11.6945910315422,0.164858490228653,0.292339879017982,Carro
339,0,5,0.158665537834167,16.52,0.707025013840237,10.497391158983,0.197471469640732,0.203721356837706,Carro
340,0,8,0.155510544776917,16.2875,0.687692214682259,9.78326431003842,0.192712426185608,0.341883692057054,Carro
341,0,5,0.077607549726963,16.38,0.641922400603681,8.67930124571201,0.197471469640732,0.25970036607617,Carro
342,0,6,0.305617958307266,16.1666666666667,0.610928931943502,7.60629437195604,0.131647646427155,0.529634615805433,Carro
345,0,4,0.338412076234818,16.2,0.557949029067036,6.06378104667748,0.169956386089325,0.443400476323201,Carro
346,0,6,0.135694772005081,18.7,0.580095070152276,9.23996698796709,0.161234781146049,0.310222899420759,Carro
348,0,6,0.162411451339722,17.4666666666667,0.580379614386941,8.01515265087519,0.161234781146049,0.249885869044079,Carro
349,0,3,0.0803133472800255,15.1333333333333,0.588693712711411,5.92890923503555,0.147186547517776,0.291811304529988,Carro
349,1,6,0.156046435236931,16.9333333333333,1.60496868095357,25.151995816757,0.161234781146049,0.227448541025512,Carro
350,0,3,0.22443675994873,17,0.561890345859447,6.9860628124674,0,0.160398361876457,Carro
350,1,4,0.163750529289246,16.4,1.61557703975131,24.7331068975173,0.147186547517776,0.369718396466131,Carro
351,0,12,0.167040675878525,21.4583333333333,0.563102703539713,11.4818378316663,0.171876847743988,0.10183065064669,Carro
351,1,6,0.0968650877475739,16.9666666666667,1.61218359596578,25.2632465816717,0.131647646427155,0.411493859413714,Carro
352,0,12,0.265467345714569,17.8416666666667,0.535727542562924,6.99942565397668,0.171876847743988,0.0391961031978622,Carro
353,0,12,0.180579200387001,19.1833333333333,0.534906792300304,8.31445783913682,0.171876847743988,0.0868845940717865,Carro
354,0,8,0.104240603744984,18.05,0.539347346605257,7.32474186005902,0.175921574234962,0.113818647282396,Carro
355,0,9,0.354921281337738,16.2777777777778,0.560947831733382,6.23467672400893,0.147186547517776,0.169221592840575,Carro
357,0,6,0.082272045314312,16.8666666666667,0.573102376639435,7.19595504540604,0.154370561242104,0.209858274515364,Carro
358,0,8,0.0861361175775528,18.1125,0.57047751033499,8.36204112423182,0.175921574234962,0.151074565474034,Carro
359,0,12,0.218005701899529,18.275,0.554029862467946,8.01632696137678,0.169956386089325,0.074678823175063,Carro
360,0,12,0.205642819404602,18.6416666666667,0.550970223663643,8.28679181507553,0.169956386089325,0.0484990286830824,Carro
362,0,5,0.348665475845337,16.82,0.549620609716067,6.42252038259417,0.161234781146049,0.115487725057861,Carro
363,0,9,0.187878787517548,18.8888888888889,0.5398666877824,8.18035010341752,0.176896199584007,0.0630705432475539,Carro
364,0,10,0.193225666880608,19.06,0.524329917016429,7.84418552918398,0.186177894473076,0.0946739605927066,Carro
365,0,5,0.111087650060654,19.04,0.510438044163405,7.35772143687018,0.161234781146049,0.142541719933393,Carro
366,0,4,0.08021330088377,16.2,0.500459365785117,4.17475284850136,0.169956386089325,0.150386116792192,Carro
368,0,4,0.157051891088486,16.475,0.511675999463752,4.83480186200701,0.147186547517776,0.0679153591046724,Carro
369,0,10,0.449928730726242,17.23,0.529648937935961,6.18952423050103,0.180932387709618,0.0434683351762617,Carro
370,0,10,1.10709285736084,16.47,0.564120696526659,6.5248813385947,0.183573886752129,0.230422762094843,Carro
371,0,12,1.16918504238129,17.3083333333333,0.627750091997924,9.21980473459794,0.182527869939804,0.713392355542253,Carro
372,0,18,1.22117936611176,18.3555555555556,0.665918755077941,11.2924054206464,0.175892814993858,0.675864634975893,Carro
373,0,19,1.27676451206207,19.4526315789474,0.72000122276864,13.7459609384882,0.209669262170792,0.65152856270135,Carro
374,0,17,1.27175855636597,19.7529411764706,0.781936744373647,15.4798060466591,0.186775848269463,0.564306543807465,Carro
375,0,18,0.535274624824524,21.4388888888889,0.816460519242563,17.9162964425054,0.164020895957947,0.52981966181516,Carro
376,0,22,1.2865571975708,23.1727272727273,0.856119623466001,20.4741053449289,0.287033766508102,0.474946899616052,Carro
377,0,16,0.552485406398773,25.01875,0.908933045483199,23.3600257227999,0.16011118888855,0.549204777873946,Carro
378,0,19,1.0796023607254,23.7052631578947,0.958069199231876,22.9611382917757,0.222565814852715,0.591152154392955,Carro
379,0,21,0.927666544914246,26.3904761904762,1.01860546102754,26.7107161992787,0.199291527271271,0.711828162718669,Carro
380,0,23,1.12483692169189,24.0173913043478,1.07349317059891,25.2493627389594,0.19255368411541,0.740299456517694,Carro
381,0,24,1.43686032295227,24.2666666666667,1.12022731702257,26.2389130203117,0.198897272348404,0.657888532518071,Carro
382,0,26,0.995157957077026,25.85,1.16781887437294,28.5450196028302,0.185909152030945,0.518383925547852,Carro
383,0,28,1.34278452396393,24.8178571428571,1.20872548077005,28.1109642401741,0.183807849884033,0.412839620391099,Carro
384,0,23,0.687574923038483,25.1304347826087,1.23941539405764,28.8591102212602,0.177030622959137,0.343893832515043,Carro
385,0,20,0.90127420425415,26.24,1.26329122319028,30.3001391542879,0.161234796047211,0.279310379207938,Carro
386,0,25,0.812480390071869,24.612,1.28179455687527,28.9247369210327,0.165216475725174,0.235263435470125,Carro
387,0,23,0.875366747379303,24.495652173913,1.30066815223432,29.0623124287827,0.158395066857338,0.303172028223427,Carro
388,0,23,0.641779363155365,23.9521739130435,1.31139215879422,28.6614772155119,0.144840776920319,0.271317857011037,Carro
389,0,18,0.442331522703171,25.2944444444444,1.32388837677061,30.1684992142656,0.118097439408302,0.138727615569472,Carro
390,0,27,1.02616751194,20.637037037037,1.33738253680609,25.6872629568902,0.19546090066433,0.12677213858194,Carro
391,0,21,0.893661022186279,24.352380952381,1.33354957352278,29.3527475459092,0.175039753317833,0.168872902406108,Carro
392,0,24,0.828774869441986,23.1833333333333,1.32592034196197,28.0840306735939,0.273358136415482,0.13201764818013,Carro
393,0,28,0.949458539485931,21.6464285714286,1.30011554145188,26.2057065647853,0.249710395932198,0.211228794481175,Carro
394,0,28,1.2090300321579,23.575,1.28461163106192,27.9258739944701,0.390557944774628,0.406881149189665,Carro
395,0,31,1.25785887241364,22.6806451612903,1.27552102462008,26.9081500233401,0.369907826185226,0.341756238281595,Carro
396,0,21,1.19356107711792,27.8142857142857,1.25420016500666,31.748959857347,0.261131435632706,0.182887304788925,Carro
397,0,25,0.862037003040314,27.2,1.23332272395998,30.8430693378244,0.196922168135643,0.252775794762487,Carro
398,0,28,1.12633991241455,30.2428571428571,1.24957373378275,34.1133326507578,0.22425688803196,0.0784495210892769,Carro
399,0,28,0.839977920055389,27.9642857142857,1.24180862289273,31.726472561572,0.194709479808807,0.142595978557205,Carro
400,0,22,0.571136176586151,29.0136363636364,1.21691071179366,32.4239849226539,0.189893573522568,0.154862070035061,Carro
401,0,24,1.09786188602448,27.5041666666667,1.21173173513879,30.840425953456,0.149829253554344,0.14857389163555,Carro
402,0,25,0.483484596014023,27.444,1.19513830363787,30.5407266224535,0.167387589812279,0.235347694957431,Carro
403,0,27,0.743707776069641,25.7407407407407,1.17317472293857,28.5152486271434,0.189691916108131,0.265647175671961,Carro
404,0,25,0.536052405834198,27.54,1.14423380012364,29.8805908988841,0.159433245658875,0.249798314552684,Carro
405,0,27,0.882590174674988,26.9740740740741,1.11618334577454,28.8834956043037,0.160043716430664,0.237516978356589,Carro
406,0,27,0.931374251842499,29.0185185185185,1.09795144085706,30.6418438376836,0.164980992674828,0.227227240451206,Carro
407,0,29,0.714389741420746,29.9310344827586,1.06866292053564,31.0846641191183,0.184073761105537,0.342110408749694,Carro
408,0,28,1.45393979549408,25.5,1.05697590274636,26.4626034497774,0.162368282675743,0.494135825985199,Carro
409,0,29,1.1169261932373,25.5206896551724,1.04645053078574,26.3094377595009,0.160371974110603,0.644996052818147,Carro
410,0,36,1.10865747928619,26.6083333333333,1.02734391091872,27.0769673814905,0.221091136336327,0.642720672281434,Carro
411,0,25,0.56919527053833,27.952,1.00554272947201,28.0480212083346,0.196187406778336,0.759413286549268,Carro
412,0,24,0.846493065357208,27.6125,0.984001769304705,27.3323351729683,0.225528329610825,0.664907174499078,Carro
413,0,27,0.986089646816254,26.5111111111111,0.95999851652715,25.8019335883367,0.505553603172302,0.470339941039547,Carro
414,0,18,0.831045150756836,25.6333333333333,0.948001799227051,24.7056997970517,0.17346103489399,0.25867339564519,Carro
415,0,21,0.875916481018066,29.9619047619048,0.96791763818692,29.3954409218962,0.189745396375656,0.465884495811247,Carro
416,0,23,1.2534886598587,27.895652173913,0.949558489011947,26.9965210020398,0.249502569437027,0.578619288869938,Carro
417,0,24,1.00508689880371,23.7958333333333,0.920393567345256,22.3547763218016,0.28121343255043,0.373740510960985,Carro
418,0,20,1.46565306186676,23.56,0.905896678384502,21.8431466900172,0.25313925743103,0.276934569566078,Carro
419,0,36,1.31789803504944,21.7416666666667,0.900053112704443,19.912392194189,0.340721100568771,0.335219162844384,Carro
420,0,27,1.06243479251862,23.9296296296296,0.867465982619216,21.4597277531407,0.37545907497406,0.433002481406455,Carro
421,0,21,0.927247285842896,26.5571428571429,0.846271303598861,23.6575274386187,0.223911613225937,0.513594224596122,Carro
422,0,13,0.39734759926796,22.3538461538462,0.82292375659169,18.9682301516263,0.164137065410614,0.524406488576787,Carro
423,0,20,0.542198956012726,24.725,0.801064861837282,20.8717072849458,0.190266862511635,0.404058173244944,Carro
424,0,24,0.473298579454422,27.3583333333333,0.802009595434981,23.5255159060732,0.207775771617889,0.239181925994992,Carro
425,0,23,0.756603896617889,25.1521739130435,0.811522725034915,21.5242013475102,0.215629264712334,0.149502322067517,Carro
426,0,15,1.33652126789093,21.3466666666667,0.791075808901205,17.2753908262903,0.163774073123932,0.177534874109435,Carro
427,0,24,0.859310567378998,22.15,0.771111195494765,17.6346803416366,0.191559791564941,0.20344699269837,Carro
428,0,15,0.603750169277191,21.7533333333333,0.757165945144938,16.9209762365922,0.159303769469261,0.129406154621115,Carro
429,0,15,0.599675834178925,17.9533333333333,0.743474067325708,12.8039663235763,0.145068645477295,0.103157938536434,Carro
430,0,18,0.579390645027161,19.3222222222222,0.745557829471903,14.2214756346002,0.176495552062988,0.100863573009539,Carro
431,0,18,0.63640570640564,20.1555555555556,0.746120202981829,15.0679075438132,0.159646227955818,0.150742856496906,Carro
432,0,17,0.643093168735504,18.1705882352941,0.743714859699062,13.0268465928617,0.156624242663383,0.0314927184246319,Carro
433,0,13,0.483990073204041,18.8,0.730741833633362,13.350558824865,0.136413753032684,0.0610013923531281,Carro
434,0,16,0.438764750957489,20.86875,0.705123229391375,14.7993508877662,0.120177321135998,0.13539487708146,Carro
435,0,16,0.393062472343445,20.025,0.681790952568871,13.3710493520725,0.149317592382431,0.23397402313967,Carro
436,0,19,0.536702454090118,19.6736842105263,0.670091325655524,12.7190440514177,0.172178119421005,0.248673157682562,Carro
437,0,16,0.65354984998703,17.5,0.644283570147821,9.86308226238286,0.200195342302322,0.335660820202247,Carro
438,0,15,0.594425916671753,17.5333333333333,0.657455335952762,10.2479835128475,0.214499294757843,0.3044763989372,Carro
439,0,8,0.568799197673798,18.2125,0.628330286753124,10.1400197626781,0.214559406042099,0.262161023365878,Carro
440,0,18,1.20522022247314,18.5333333333333,0.60205472156337,9.71877199978926,0.254795730113983,0.320348477975299,Carro
441,0,14,0.532684624195099,19.6428571428571,0.572675675589024,9.95920661638201,0.177605077624321,0.29565037252827,Carro
442,0,12,0.972129642963409,18.75,0.551854185840587,8.42297364175482,0.211283504962921,0.261752305642772,Carro
443,0,11,0.997628629207611,20.3090909090909,0.534848124339147,9.4383099936489,0.1524448543787,0.174549294309808,Carro
444,0,10,0.805107533931732,19.04,0.519672630029192,7.66919376505929,0.139633417129517,0.187266534416501,Carro
445,0,10,0.976062119007111,18.29,0.502795799062034,6.34566561721558,0.139633417129517,0.182387436974322,Carro
446,0,5,0.579010665416718,16.66,0.520945652641225,5.33169672552023,0.123145096004009,0.511789092256907,Carro
447,0,13,0.516753256320953,17.5461538461538,0.510643606496739,5.8708697942428,0.194352567195892,0.434533427349205,Carro
448,0,16,1.0035388469696,18.78125,0.529681257867814,7.74183424884992,0.11866557598114,0.0315472916879561,Carro
449,0,3,0.102909557521343,16.3333333333333,0.546197280723789,5.82731467924296,0.169956386089325,0.10723006347545,Carro
454,0,3,0.0621499270200729,17.3,0.550851215682842,6.9413724888421,0.169956386089325,0.136508433241547,Carro
455,0,5,0.142491593956947,17.22,0.54859867298357,6.79019010984288,0.161234781146049,0.0823509922915261,Carro
456,0,13,0.996412098407745,16.6692307692308,0.582764049399844,7.28894086453907,0.173993915319443,0.153514357394709,Carro
457,0,12,1.01216316223145,17.0916666666667,0.616829503106502,8.69827218472008,0.178895100951195,0.209963944621561,Carro
459,0,3,0.913630604743958,15.2,0.606965650490212,6.52656456395498,0.169956386089325,0.427508969323081,Carro
485,0,7,0.157658010721207,16.4571428571429,0.717778895308194,10.6967702460125,0.163774058222771,0.499051881590077,Carro
486,0,14,1.02054691314697,16.8142857142857,0.690344872415852,10.3769298521488,0.198793187737465,0.174782714250689,Carro
487,0,18,1.12929034233093,18.3666666666667,0.700611845993247,12.1857657116548,0.199113830924034,0.233209334756407,Carro
488,0,20,0.969299077987671,20.64,0.725739276543241,15.071225098233,0.161234796047211,0.330928181227016,Carro
489,0,17,1.23426735401154,18.1117647058824,0.735366242423883,12.7719122800636,0.216039150953293,0.375289548328818,Carro
490,0,14,1.23702955245972,17.4642857142857,0.785074135766611,13.260712505579,0.299186021089554,0.631944843806487,Carro
491,0,27,1.32103288173676,19.2740740740741,0.823760692514384,15.9061166674366,0.422925382852554,0.726254918147183,Carro
492,0,15,1.14895594120026,17.0466666666667,0.865662751782226,14.5406159008703,0.337781608104706,0.789165143515926,Carro
493,0,22,1.61185550689697,18.4818181818182,0.901035374271671,16.6714918431523,0.620391428470612,0.673673997614045,Carro
494,0,21,1.25953912734985,18.7952380952381,0.9591318883344,18.0703713054248,0.244609028100967,0.726275976262078,Carro
495,0,24,0.809955656528473,18.4291666666667,0.942062020092415,17.3923464767792,0.35171565413475,0.509090167352034,Carro
496,0,12,0.393443077802658,19.2583333333333,0.968513302271489,18.7025569339249,0.359620362520218,0.450006099252649,Carro
497,0,15,0.869680225849152,19.3133333333333,0.991797636372494,19.1702560915932,0.26563572883606,0.428224543407842,Carro
498,0,32,0.955822110176086,24.09375,1.00752022130154,24.2239008540264,0.443040937185287,0.558350965305954,Carro
499,0,20,0.700721621513367,25.085,1.04080475138413,25.779770646338,0.193829104304314,0.54113157035034,Carro
500,0,24,1.06459605693817,26.3583333333333,1.07458203604869,27.6079163783917,0.196415290236473,0.499407123114787,Carro
501,0,24,0.719152629375458,25.8083333333333,1.10768712345433,27.5850176210203,0.198897272348404,0.524623926692804,Carro
502,0,16,1.02163875102997,24.43125,1.14365447161642,26.7630432951765,0.154077917337418,0.513970540165241,Carro
503,0,14,0.403110176324844,20.2071428571429,1.18578664888042,23.1674051046451,0.149593025445938,0.621196308904392,Carro
504,0,25,0.707364737987518,21.796,1.20635821211552,25.0550513982573,0.20815321803093,0.500678732198906,Carro
505,0,20,0.437773108482361,24.655,1.2353573646381,28.3267043456028,0.175295472145081,0.407961568038069,Carro
506,0,24,1.51317048072815,22.025,1.26152521113322,26.0608373664507,0.182430103421211,0.35616801926626,Carro
507,0,17,1.17116606235504,22.3,1.29280672741066,26.7613441354174,0.187626779079437,0.329690876798837,Carro
508,0,19,0.359870672225952,23.8421052631579,1.3153299032297,28.6034930091321,0.155555978417397,0.284648379646786,Carro
509,0,18,0.406871557235718,25.5722222222222,1.33509373788051,30.5926925780387,0.161629483103752,0.257440179371918,Carro
510,0,19,0.335659950971603,26.6105263157895,1.35032185056371,31.8280181300902,0.165040031075478,0.233542138216763,Carro
511,0,22,0.364776611328125,27.3090909090909,1.36944885676061,32.770923620842,0.162191674113274,0.212141075845759,Carro
512,0,16,0.355207771062851,26.74375,1.38142504087276,32.3568429651488,0.140920385718346,0.172237379783209,Carro
513,0,18,0.339638590812683,25.8222222222222,1.39548837828304,31.6112711825156,0.123661443591118,0.176778432004638,Carro
514,0,16,0.799429595470428,24.03125,1.40354368729396,29.920287408577,0.120177321135998,0.139361557033605,Carro
515,0,12,0.277317076921463,20.65,1.41251849534105,26.64976572506,0.157943934202194,0.319796526910137,Carro
516,0,13,0.356997311115265,20.1384615384615,1.4170344002713,26.1936772750122,0.163288816809654,0.121570806745021,Carro
517,0,20,0.614343881607056,21.765,1.411182482459,27.7483270703927,0.190266862511635,0.189779726943152,Carro
518,0,18,0.51785272359848,23.5388888888889,1.39619541101903,29.336737138658,0.17346103489399,0.156777974517,Carro
519,0,19,0.625222146511078,27.2368421052632,1.36671337016121,32.6639398259511,0.18529112637043,0.244534978178976,Carro
520,0,26,0.790514290332794,25.1153846153846,1.339176305465,30.1888948788419,0.204925820231438,0.375659344702096,Carro
521,0,27,1.03056621551514,23.4481481481481,1.29645964112447,27.9585082161268,0.208153203129768,0.449634095536793,Carro
522,0,22,1.05267488956451,21.6681818181818,1.2476065892371,25.511288210921,0.214477464556694,0.527529677602485,Carro
523,0,22,0.750610888004303,22.6909090909091,1.20020745685465,25.8611619188159,0.220832899212837,0.537637944547558,Carro
524,0,21,1.49163031578064,23.6571428571429,1.14584700961385,26.0222082843549,0.230719015002251,0.602151889330437,Carro
525,0,26,1.20672845840454,24.1153846153846,1.11957311304469,26.0774830225645,0.162572875618935,0.410384213941281,Carro
526,0,28,1.45343160629272,24.85,1.09444809126779,26.4178067271377,0.199147701263428,0.309842770806296,Carro
527,0,21,0.51180112361908,30.0285714285714,1.04359668419464,30.7698790506717,0.158329427242279,0.336902657944327,Carro
528,0,21,0.940121233463287,27.1714285714286,1.01641226257178,27.4542244107859,0.163458824157715,0.302217415717189,Carro
529,0,23,0.618893265724182,30.9869565217391,0.993028686290939,30.865428299134,0.203367441892624,0.263392519966593,Carro
530,0,18,0.608266830444336,29.4388888888889,0.977836470898603,29.0495381427833,0.20695935189724,0.23438320053939,Carro
531,0,20,0.773687899112701,28.43,0.958641244179643,27.6962443984695,0.204143211245537,0.279649353339405,Carro
532,0,19,0.729811072349548,29.6315789473684,0.945488335428365,28.6578259587845,0.193649291992188,0.540686627682132,Carro
533,0,21,0.998299598693848,29.252380952381,0.915963403054751,27.7275058305846,0.23492830991745,0.244685513529641,Carro
534,0,18,0.696205317974091,22.8666666666667,0.882186686799385,20.6890866464302,0.200707450509071,0.283648703098907,Carro
535,0,21,0.445355325937271,23.9904761904762,0.850800962031825,21.1835950826224,0.216414496302605,0.259468041201201,Carro
536,0,19,0.663220286369324,21.7578947368421,0.816992242665457,18.2466120540222,0.182882472872734,0.285970222643766,Carro
537,0,22,0.656891107559204,19.9,0.778350576736827,15.54701006205,0.197518974542618,0.306772074483266,Carro
538,0,19,0.727292060852051,19,0.744571005162954,13.8762448024015,0.205087438225746,0.314891028847362,Carro
539,0,16,0.600098550319672,18.7625,0.723258248603155,13.1342358152982,0.185935333371162,0.269949099554989,Carro
540,0,12,0.29458674788475,17.4583333333333,0.708502869371462,11.4719978709234,0.142080247402191,0.161784076515358,Carro
541,0,22,0.444086670875549,21.3227272727273,0.695287305060917,15.0092992675206,0.225039631128311,0.164487283910904,Carro
542,0,18,0.77055436372757,18.0611111111111,0.684952140804087,11.4875202066724,0.231349363923073,0.290343289540323,Carro
543,0,17,0.739380955696106,17.7058823529412,0.690448829323627,11.2711422565878,0.293831437826157,0.121559175683032,Carro
544,0,15,0.757438480854034,20,0.675355566595668,13.181299354901,0.232500612735748,0.173042112340048,Carro
545,0,15,1.32259857654572,19.26,0.65858280842988,12.0044155900197,0.2066610455513,0.203334756028622,Carro
546,0,13,1.07525682449341,20.0769230769231,0.644129153041714,12.4358413011087,0.199291527271271,0.338198405504011,Carro
547,0,19,0.760933697223663,20.4578947368421,0.63231435919526,12.4952165087197,0.215332999825478,0.222434085660707,Carro
548,0,10,0.916698217391968,19.15,0.607891018439327,10.5030290700672,0.152013629674911,0.309497023717566,Carro
549,0,8,0.140329703688622,19.6875,0.565338797434917,9.77985163023695,0.122830554842949,0.578940298013576,Carro
550,0,8,0.078978955745697,17.1125,0.540950666330152,6.43880640333617,0.175921574234962,0.529851478218357,Carro
551,0,4,0.101326696574688,16.525,0.52704321310999,5.39884900666631,0.169956386089325,0.500809324849453,Carro
552,0,5,0.798614263534546,17.1,0.534341794673664,6.21276579091793,0.147186547517776,0.186407898297232,Carro
553,0,19,1.04382026195526,17.3368421052632,0.594151265220374,8.29272315618198,0.149746507406235,0.107622076858698,Carro
554,0,11,0.979194343090057,16.1727272727273,0.600212480115176,7.30492812846355,0.212831392884254,0.27868708394166,Carro
555,0,11,0.355688244104385,15.9454545454545,0.605416024664759,7.22761102734804,0.164858490228653,0.472998523764261,Carro
556,0,6,0.502859055995941,17.7,0.627295436934455,9.59888513634786,0.0760068073868752,0.159163571137051,Carro
557,0,8,0.395530790090561,18.0375,0.663500514962565,10.9111505707801,0.183456763625145,0.308194359821165,Carro
558,0,14,0.403250008821487,17.9,0.668054351760596,10.8924718947982,0.17993551492691,0.404804880439763,Carro
559,0,6,0.390148192644119,16.25,0.683055405642005,9.62823730618723,0.0600886568427086,0.49010729888958,Carro
560,0,5,0.473875939846039,15.46,0.686886642564703,8.93540284071197,0.161234781146049,0.360240626468957,Carro
562,0,3,0.0450868681073189,15.3333333333333,0.744742438864971,10.2135774395174,0.169956386089325,0.435551288965226,Carro
564,0,8,0.141207903623581,17.9875,0.772409111297153,13.5013955220953,0.191706106066704,0.400717381916121,Carro
565,0,5,0.0722146108746529,17.26,0.745617447238455,12.1606424733398,0.197471469640732,0.217657865983635,Carro
570,0,9,0.360693782567978,16.5444444444444,0.755683832087992,11.6780496666167,0.127467289566994,0.250745379749166,Carro
571,0,9,0.435873538255692,18.0333333333333,0.738211523510334,12.7605661439795,0.164559558033943,0.128468248989444,Carro
572,0,12,1.43250346183777,17.1,0.754248787835974,12.2005848354683,0.167524844408035,0.186843668454399,Carro
573,0,12,1.35354447364807,16.7,0.78191552420183,12.4263934290576,0.157943949103355,0.357716279615201,Carro
575,0,4,0.00103592872619629,15.825,0.772343825701557,11.3374271617768,0.190017014741898,0.533839097465128,Carro
576,0,8,0.0718549266457558,18.5,0.749385573377831,13.4882131247596,0.175921574234962,0.48835629706754,Carro
578,0,5,0.072765626013279,17.56,0.723037585175709,11.9264349407522,0.147186547517776,0.487222786275811,Carro
579,0,9,0.141080379486084,18.2333333333333,0.703469955239054,12.1231554822008,0.180265977978706,0.336350838527385,Carro
580,0,4,0.133982419967651,17.775,0.687681656318225,11.2704975933683,0.147186547517776,0.305328513353784,Carro
582,0,9,0.207390367984772,17.6,0.735999950575044,12.2751114069246,0.127467289566994,0.420701011455247,Carro
583,0,7,0.10802984982729,17.5714285714286,0.684103299209301,10.9762959670943,0.163774073123932,0.0676777309167275,Carro
584,0,15,0.485726922750473,17.4666666666667,0.638564396667235,9.67485469349445,0.174744829535484,0.375323086998131,Carro
586,0,8,0.353384166955948,17.1,0.644591056609476,9.47137102365214,0.175921574234962,0.0383143321220843,Carro
588,0,7,0.40740180015564,17.1571428571429,0.678746038837005,10.4254351795825,0.178829565644264,0.132850423615784,Carro
589,0,3,0.304335862398148,16.4666666666667,0.706860032340018,10.4400037164034,0,0.303462529949391,Carro
