frame;tid;numPts;bboxDiag;meanSNR;dopplerStd;trackSpeed;label
90,0,20,0.587827384471893,19.69,0.160348370671272,0.764683054599064,Carro;;;;;;;
91,0,18,0.739545583724976,21.1722222222222,0.151453718543053,0.587512099846129,Carro;;;;;;;
92,0,23,0.520054340362549,21.5695652173913,0.152613282203674,0.291629917430055,Carro;;;;;;;
93,0,24,0.453927904367447,25.575,0.155358910560608,0.2868133795846,Carro;;;;;;;
94,0,21,0.459050267934799,27.2142857142857,0.12314510345459,0.244271830154842,Carro;;;;;;;
95,0,30,0.384865909814835,27.4633333333333,0.175790086388588,0.352393242469175,Carro;;;;;;;
96,0,28,1.10781121253967,23.1428571428571,0.156893089413643,0.503109343964645,Carro;;;;;;;
97,0,28,0.804299533367157,24.6571428571429,0.153196588158607,0.514645080011766,Carro;;;;;;;
98,0,25,0.473403543233871,25.752,0.133823782205582,0.486159405111428,Carro;;;;;;;
99,0,25,0.987264513969421,23.848,0.15319661796093,0.457487718204864,Carro;;;;;;;
100,0,26,0.792634189128876,24.8153846153846,0.155446320772171,0.319581448298532,Carro;;;;;;;
101,0,28,0.561174213886261,24.225,0.162368267774582,0.249597212656177,Carro;;;;;;;
102,0,27,0.661756217479706,25.5407407407407,0.158882573246956,0.287433920638251,Carro;;;;;;;
103,0,21,0.460281759500504,24.2190476190476,0.12314510345459,0.301460943357977,Carro;;;;;;;
104,0,26,0.630764186382294,19.7730769230769,0.154478460550308,0.141310468586856,Carro;;;;;;;
105,0,22,1.02226829528809,19.9636363636364,0.189893588423729,0.161498274021936,Carro;;;;;;;
106,0,23,0.972053110599518,20.5173913043478,0.19143870472908,0.404718008950717,Carro;;;;;;;
107,0,27,1.19705271720886,21.7518518518519,0.249180197715759,0.556384711004806,Carro;;;;;;;
108,0,9,0.642185151576996,22.6333333333333,0.269841998815536,0.634554662809778,Carro;;;;;;;
109,0,34,0.674545764923096,27.0147058823529,0.756707429885864,0.937334250798261,Carro;;;;;;;
110,0,20,0.713441729545593,25.045,0.247560024261475,0.826806272169215,Carro;;;;;;;
111,0,33,1.21283435821533,24.8909090909091,0.393715053796768,0.542103463020344,Carro;;;;;;;
112,0,30,1.10146200656891,22.09,0.175790056586266,0.272036751247878,Carro;;;;;;;
113,0,28,1.19894874095917,23.0678571428571,0.246940910816193,0.873148497351822,Carro;;;;;;;
114,0,29,0.826734006404877,21.2793103448276,0.16037206351757,0.75980858062504,Carro;;;;;;;
115,0,19,0.620859086513519,24.1842105263158,0.157578900456429,0.647265377046783,Carro;;;;;;;
116,0,19,0.725570678710938,24.9473684210526,0.149746507406235,0.33410396229823,Carro;;;;;;;
117,0,22,0.686444461345673,26.0318181818182,0.16088542342186,0.162273558890034,Carro;;;;;;;
118,0,21,0.984909355640411,24.8428571428571,0.158329427242279,0.186124163674364,Carro;;;;;;;
119,0,22,0.768776118755341,24.0409090909091,0.147504806518555,0.147169460194326,Carro;;;;;;;
120,0,19,0.707017064094543,27.1105263157895,0.137852847576141,0.253464235506414,Carro;;;;;;;
121,0,22,0.471711456775665,29.5227272727273,0.13557830452919,0.169342922237669,Carro;;;;;;;
122,0,24,0.780327498912811,29.0833333333333,0.184143111109734,0.20448810088121,Carro;;;;;;;
123,0,30,0.445702075958252,30.55,0.190932124853134,0.243850791134095,Carro;;;;;;;
124,0,31,1.28340816497803,24.7677419354839,0.164665713906288,0.210832779566513,Carro;;;;;;;
125,0,25,0.918096721172333,28.084,0.163899973034859,0.370625675726684,Carro;;;;;;;
126,0,32,1.40194940567017,27.959375,0.186927109956741,0.352012241196052,Carro;;;;;;;
127,0,32,1.46457958221436,24.990625,0.213947892189026,0.295338525959096,Carro;;;;;;;
128,0,28,0.748276889324188,26.6892857142857,0.176571950316429,0.367075402375423,Carro;;;;;;;
129,0,23,0.982352674007416,26.895652173913,0.177030622959137,0.490687645492711,Carro;;;;;;;
130,0,23,1.10301208496094,25.695652173913,0.212630107998848,0.541492925965563,Carro;;;;;;;
131,0,25,1.1754252910614,25.388,0.182851240038872,0.438078300910738,Carro;;;;;;;
132,0,24,0.971155524253845,24.2541666666667,0.191559836268425,0.437524086099678,Carro;;;;;;;
133,0,22,1.15968132019043,20.6318181818182,0.197993189096451,0.321219454116015,Carro;;;;;;;
134,0,21,1.40017175674438,21.5380952380952,0.16720262169838,0.312338893362344,Carro;;;;;;;
135,0,16,0.53158164024353,21.4,0.16011118888855,0.322026500926483,Carro;;;;;;;
136,0,18,1.21763277053833,20.6,0.188144862651825,0.266075505525312,Carro;;;;;;;
137,0,21,1.41780209541321,18.4333333333333,0.222756832838058,0.319126184170221,Carro;;;;;;;
138,0,24,0.58130019903183,20.6333333333333,0.351213157176971,0.695185656314956,Carro;;;;;;;
139,0,17,1.12637269496918,19.8411764705882,0.20853553712368,0.764930859532388,Carro;;;;;;;
140,0,19,1.15123462677002,22.1736842105263,0.195602104067802,0.66946292524522,Carro;;;;;;;
141,0,19,1.31916630268097,20.0052631578947,0.218544915318489,0.488192545298516,Carro;;;;;;;
142,0,16,0.617137551307678,18.44375,0.156692042946815,0.133768974428146,Carro;;;;;;;
143,0,17,1.22872400283813,18.8764705882353,0.173052385449409,0.166240149732301,Carro;;;;;;;
144,0,15,1.33211302757263,18.1866666666667,0.171166062355042,0.357367092082924,Carro;;;;;;;
145,0,27,1.53494358062744,21.5518518518519,0.285539329051971,0.426732704022145,Carro;;;;;;;
146,0,34,1.23787319660187,22.7411764705882,0.491218358278275,0.559549355698605,Carro;;;;;;;
147,0,24,0.739926755428314,18.3875,0.447387367486954,0.560343307668456,Carro;;;;;;;
148,0,23,0.673253238201141,18.9913043478261,0.391064614057541,0.713764551225097,Carro;;;;;;;
149,0,18,1.24472200870514,18.2888888888889,0.21746814250946,0.316478418644178,Carro;;;;;;;
150,0,6,0.138147309422493,16.2833333333333,0.110798001289368,0.371232890122984,Carro;;;;;;;
151,0,4,0.446110427379608,15.25,0.120177313685417,0.418933406029319,Carro;;;;;;;
152,0,4,0.400584667921066,16.05,0.281840771436691,0.456767041509444,Carro;;;;;;;
153,0,14,0.452685207128525,17.4428571428571,0.159229025244713,0.381568317256325,Carro;;;;;;;
154,0,10,0.404617488384247,16.96,0.198686704039574,0.25405146467884,Carro;;;;;;;
155,0,12,0.429295599460602,19.0583333333333,0.18653017282486,0.424302028923133,Carro;;;;;;;
156,0,14,1.17818415164948,16.5357142857143,0.17993551492691,0.360116926781993,Carro;;;;;;;
157,0,9,0.249011680483818,16.6666666666667,0.191593959927559,0.201183999758512,Carro;;;;;;;
158,0,11,0.799030721187592,16.0545454545455,0.202396720647812,0.133885407784899,Carro;;;;;;;
159,0,4,0.0921162590384483,17.85,0.169956386089325,0.152649566200859,Carro;;;;;;;
160,0,10,0.454623252153397,16.8,0.172765776515007,0.179429000387246,Carro;;;;;;;
161,0,3,0.0702177435159683,16.3,0.169956386089325,0.0844590253524391,Carro;;;;;;;
162,0,7,0.139927610754967,18.6285714285714,0.184508085250854,0.157570724170354,Carro;;;;;;;
163,0,4,0.143310755491257,17.425,0.169956386089325,0.290213203650971,Carro;;;;;;;
164,0,4,0.0596713609993458,17.4,0.169956386089325,0.426057994308829,Carro;;;;;;;
166,0,4,0.061944380402565,17.6,0.169956386089325,0.520579605013305,Carro;;;;;;;
167,0,5,0.225007936358452,17.54,0.161234781146049,0.595976284110582,Carro;;;;;;;
173,0,3,0.0830001831054688,16.7333333333333,0.169956386089325,0.073185712141414,Carro;;;;;;;
187,0,4,0.0942526757717133,16.4,0.169956386089325,0.797571928579109,Carro;;;;;;;
188,0,4,0.052616611123085,16.875,0.169956386089325,0.556358100194879,Carro;;;;;;;
189,0,5,0.383350312709808,17.02,0.131647646427155,0.452188797601724,Carro;;;;;;;
190,0,9,0.483667135238647,17.4555555555556,0.147186547517776,0.231209889287628,Carro;;;;;;;
191,0,16,0.607801854610443,18.86875,0.182257920503616,0.468707886891725,Carro;;;;;;;
192,0,17,0.469342738389969,19.0294117647059,0.155091196298599,0.233464915779963,Carro;;;;;;;
193,0,14,0.679627060890198,17.8142857142857,0.138434827327728,0.223288175454824,Carro;;;;;;;
194,0,16,0.810473501682281,19.4625,0.20109511911869,0.325415894266713,Carro;;;;;;;
195,0,23,1.12497317790985,21.0739130434783,0.271524757146835,0.346085180901754,Carro;;;;;;;
196,0,18,0.903502523899078,21.7166666666667,0.188895970582962,0.504541787833794,Carro;;;;;;;
197,0,20,0.528615832328796,24.455,0.153072521090508,0.591999580707472,Carro;;;;;;;
198,0,19,0.540862202644348,23.7631578947368,0.174007922410965,0.699130629288714,Carro;;;;;;;
199,0,20,1.12860691547394,25.1,0.193829104304314,0.665992594006707,Carro;;;;;;;
200,0,21,0.966916978359222,24.4190476190476,0.183104991912842,0.599184869424755,Carro;;;;;;;
201,0,27,1.28124737739563,21.7962962962963,0.189691931009293,0.532303830429566,Carro;;;;;;;
202,0,37,1.82732951641083,22.2567567567568,0.24384793639183,0.43784946977537,Carro;;;;;;;
203,0,23,0.659436404705048,26.6913043478261,0.157582104206085,0.388537516239964,Carro;;;;;;;
204,0,21,0.686451256275177,28.8190476190476,0.165341302752495,0.283443732454644,Carro;;;;;;;
205,0,24,0.743659973144531,28.5125,0.173159077763557,0.259666800671895,Carro;;;;;;;
206,0,26,0.557688415050507,28.6576923076923,0.185819506645203,0.172862259686373,Carro;;;;;;;
207,0,19,0.496955722570419,27.4631578947368,0.120177321135998,0.164039688979711,Carro;;;;;;;
208,0,19,0.450693398714066,22.7315789473684,0.157980382442474,0.180560089707985,Carro;;;;;;;
209,0,11,0.482139736413956,19.1,0.138926401734352,0.23978586666324,Carro;;;;;;;
210,0,14,0.366772085428238,19.9357142857143,0.151176080107689,0.0666001176815325,Carro;;;;;;;
211,0,8,0.59206348657608,17.65,0.130466923117638,0.0678244605400829,Carro;;;;;;;
212,0,10,0.593661189079285,18.08,0.121174648404121,0.0700060903374913,Carro;;;;;;;
213,0,27,0.680337369441986,25.1925925925926,0.20106440782547,0.107086340757513,Carro;;;;;;;
214,0,28,0.852213203907013,25.5,0.236023545265198,0.130496862260894,Carro;;;;;;;
215,0,32,0.713890194892883,26.040625,0.262863665819168,0.169775782191437,Carro;;;;;;;
216,0,32,0.87218976020813,26.734375,0.236446142196655,0.237925678348339,Carro;;;;;;;
217,0,22,0.478721261024475,29.1863636363636,0.162191674113274,0.237336660709945,Carro;;;;;;;
218,0,28,0.794288814067841,26.1857142857143,0.195077076554298,0.292432992669894,Carro;;;;;;;
219,0,24,0.772636651992798,23.7083333333333,0.206639334559441,0.379678183642044,Carro;;;;;;;
220,0,29,1.04552793502808,23.2551724137931,0.168167874217033,0.386215648441315,Carro;;;;;;;
221,0,21,0.75593501329422,25.8095238095238,0.150650233030319,0.412084806126538,Carro;;;;;;;
222,0,24,0.729566633701324,23.1083333333333,0.186578020453453,0.433723945820991,Carro;;;;;;;
223,0,28,1.24091184139252,22.6607142857143,0.181296288967133,0.468019832524568,Carro;;;;;;;
224,0,16,0.481076180934906,25.825,0.120177313685417,0.529272232220181,Carro;;;;;;;
225,0,29,0.810132622718811,25.2931034482759,0.160205572843552,0.446596240452026,Carro;;;;;;;
226,0,15,0.588701009750366,23.66,0.1593037545681,0.671480374889992,Carro;;;;;;;
227,0,16,0.434005856513977,29.125,0.120177321135998,0.527214709842949,Carro;;;;;;;
228,0,18,0.802253901958466,23.0111111111111,0.122511059045792,0.362206184445482,Carro;;;;;;;
229,0,20,0.51270854473114,24.64,0.161234781146049,0.24995516703745,Carro;;;;;;;
230,0,7,0.511089861392975,17.0142857142857,0.143639370799065,0.155497553019134,Carro;;;;;;;
231,0,13,1.01142692565918,20.4076923076923,0.125822499394417,0.246024931650349,Carro;;;;;;;
232,0,20,1.58870351314545,21.27,0.168665662407875,0.211763335842879,Carro;;;;;;;
233,0,16,0.444035708904266,27.15625,0.149317592382431,0.286767589901387,Carro;;;;;;;
234,0,15,1.11874711513519,21.7733333333333,0.237331166863441,0.324065099326659,Carro;;;;;;;
235,0,27,0.785738229751587,21.2222222222222,0.249922156333923,0.37961742205112,Carro;;;;;;;
236,0,19,0.77003687620163,23.1842105263158,0.174007922410965,0.346750754593895,Carro;;;;;;;
237,0,30,1.0138064622879,24.3433333333333,0.220695197582245,0.391860550837652,Carro;;;;;;;
238,0,23,0.795675575733185,25.5521739130435,0.206501200795174,0.4084025108139,Carro;;;;;;;
239,0,26,0.73720920085907,23.1269230769231,0.197724461555481,0.509697958994376,Carro;;;;;;;
240,0,27,1.00854408740997,25.5185185185185,0.180693432688713,0.577971888461218,Carro;;;;;;;
241,0,21,1.06849253177643,24.3904761904762,0.16720262169838,0.444243891412297,Carro;;;;;;;
242,0,18,0.756441533565521,23.45,0.173461005091667,0.437995543750738,Carro;;;;;;;
243,0,28,1.24204099178314,22.9321428571429,0.178829506039619,0.479010052495946,Carro;;;;;;;
244,0,34,0.968197882175446,22.4352941176471,0.170466840267181,0.600617299400547,Carro;;;;;;;
245,0,31,1.0083179473877,22.0967741935484,0.171593263745308,0.556365542383847,Carro;;;;;;;
246,0,36,1.27370154857635,23.075,0.190694406628609,0.506671529660811,Carro;;;;;;;
247,0,29,1.15276396274567,24.9758620689655,0.189078658819199,0.456552748465151,Carro;;;;;;;
248,0,34,1.1414076089859,23.3882352941176,0.218869403004646,0.437982481268157,Carro;;;;;;;
249,0,32,0.892798900604248,24.759375,0.228890299797058,0.532369834981538,Carro;;;;;;;
250,0,22,0.711045563220978,28.9636363636364,0.201281577348709,0.498269610624415,Carro;;;;;;;
251,0,30,0.874098420143127,30.12,0.247751832008362,0.335277707983878,Carro;;;;;;;
252,0,23,0.758833050727844,29.0913043478261,0.324534177780151,0.220389951279142,Carro;;;;;;;
253,0,22,0.88833612203598,30.6,0.497958123683929,0.286584254166249,Carro;;;;;;;
254,0,20,0.692254543304443,30.17,0.438384979963303,0.183460811392822,Carro;;;;;;;
255,0,27,0.69810152053833,30.2777777777778,0.422925412654877,0.230719402940884,Carro;;;;;;;
256,0,23,0.712827861309052,31.4391304347826,0.22514833509922,0.180907708354249,Carro;;;;;;;
257,0,26,0.459175795316696,29.5038461538462,0.193894743919373,0.155697822951264,Carro;;;;;;;
258,0,21,0.529462933540344,25.9,0.179692789912224,0.347686135208315,Carro;;;;;;;
259,0,17,0.596559226512909,26.6,0.197954878211021,0.416910379147977,Carro;;;;;;;
260,0,23,0.514093995094299,21.3086956521739,0.258768379688263,0.335203160834515,Carro;;;;;;;
261,0,12,0.378390461206436,20.0833333333333,0.157943934202194,0.236098021786448,Carro;;;;;;;
262,0,10,0.489155262708664,21.8,0.15201361477375,0.367739684598058,Carro;;;;;;;
263,0,10,0.261166334152222,21.25,0.155922055244446,0.181497193935285,Carro;;;;;;;
264,0,13,0.43761134147644,19.9615384615385,0.151830807328224,0.0450553540147749,Carro;;;;;;;
265,0,18,0.325418829917908,23.8722222222222,0.16849210858345,0.0473684261401866,Carro;;;;;;;
266,0,20,0.291374951601028,23.26,0.168834552168846,0.0952893016982495,Carro;;;;;;;
267,0,20,0.387313991785049,24.92,0.161234796047211,0.125401582114073,Carro;;;;;;;
268,0,15,0.238189235329628,25.74,0.156032279133797,0.206688677943813,Carro;;;;;;;
269,0,12,0.177343562245369,25.1916666666667,0.157943949103355,0.333899257054298,Carro;;;;;;;
270,0,15,0.35498258471489,21.5666666666667,0.165652990341187,0.201171655318631,Carro;;;;;;;
271,0,10,0.350979745388031,19.49,0.155922055244446,0.137398314760972,Carro;;;;;;;
272,0,4,0.595831692218781,17.15,0.147186547517776,0.146879793864988,Carro;;;;;;;
273,0,6,0.262873619794846,17.6333333333333,0.15201361477375,0.109721473462989,Carro;;;;;;;
274,0,13,0.289542138576508,23.6769230769231,0.165820568799973,0.0651597278226874,Carro;;;;;;;
275,0,16,0.311810880899429,23.54375,0.169956386089325,0.131005247498114,Carro;;;;;;;
276,0,19,0.316585958003998,25.2842105263158,0.165040031075478,0.110773748646243,Carro;;;;;;;
277,0,18,0.356989413499832,24.8222222222222,0.161629483103752,0.171052408184802,Carro;;;;;;;
278,0,22,0.56756180524826,25.2909090909091,0.427641093730927,0.294335281045077,Carro;;;;;;;
279,0,19,0.543677151203156,22.6473684210526,0.249408230185509,0.460057451315617,Carro;;;;;;;
280,0,24,0.653489828109741,22.6541666666667,0.23739729821682,0.429518068953038,Carro;;;;;;;
281,0,20,0.864566564559937,23.94,0.349206030368805,0.371702365777474,Carro;;;;;;;
282,0,11,0.568916320800781,24.9181818181818,0.1524448543787,0.152298056638606,Carro;;;;;;;
283,0,18,0.85193532705307,21.5777777777778,0.233936056494713,0.046720068658293,Carro;;;;;;;
284,0,15,0.755626380443573,21.0066666666667,0.204149886965752,0.18466003231537,Carro;;;;;;;
285,0,19,0.502616763114929,18.7315789473684,0.157980382442474,0.249172730005993,Carro;;;;;;;
286,0,13,0.725593090057373,18.1307692307692,0.15455037355423,0.141466290375345,Carro;;;;;;;
287,0,22,0.86418342590332,20.1045454545455,0.16088542342186,0.129424482802882,Carro;;;;;;;
288,0,17,0.346845477819443,23.1,0.187201797962189,0.402122117684938,Carro;;;;;;;
289,0,17,0.84574556350708,21.5647058823529,0.194709524512291,0.463928263733026,Carro;;;;;;;
290,0,10,0.156126514077187,30.33,0.196861043572426,0.65131819936863,Carro;;;;;;;
291,0,23,0.698839724063873,26.5130434782609,0.624048173427582,0.411632094502208,Carro;;;;;;;
292,0,25,0.768837213516235,27.252,0.669766128063202,0.210035660275235,Carro;;;;;;;
293,0,30,0.806296348571777,27.16,0.321889907121658,0.202725982089523,Carro;;;;;;;
294,0,32,0.753297805786133,27.55625,0.381257981061935,0.195986993380726,Carro;;;;;;;
295,0,21,0.492871880531311,30.3333333333333,0.530494213104248,0.170757587094787,Carro;;;;;;;
296,0,18,0.740241527557373,25.6833333333333,0.529820740222931,0.241335339028257,Carro;;;;;;;
297,0,23,0.729779601097107,26.4130434782609,0.433930784463882,0.300191355365617,Carro;;;;;;;
298,0,29,0.858866751194,25.6275862068966,0.323394864797592,0.225677609578549,Carro;;;;;;;
299,0,21,0.750806629657745,26.5333333333333,0.171467140316963,0.271815699229885,Carro;;;;;;;
300,0,20,0.477472722530365,21.835,0.157478392124176,0.298837308498629,Carro;;;;;;;
301,0,23,0.715498030185699,26.7347826086957,0.185532882809639,0.475145016187792,Carro;;;;;;;
302,0,29,1.16555714607239,23.9758620689655,0.246528401970863,0.583346252997033,Carro;;;;;;;
303,0,33,1.3972852230072,21.4969696969697,0.25565779209137,0.554379840303202,Carro;;;;;;;
304,0,33,1.02454102039337,22.6818181818182,0.22464856505394,0.512532329545107,Carro;;;;;;;
305,0,27,1.33648324012756,26.8777777777778,0.186244189739227,0.409955691167279,Carro;;;;;;;
306,0,24,0.553650319576263,26.5041666666667,0.182430103421211,0.322185077881612,Carro;;;;;;;
307,0,21,0.573978304862976,24.0619047619048,0.158329412341118,0.225772894837169,Carro;;;;;;;
308,0,19,0.448820888996124,21.5684210526316,0.148898094892502,0.0864802731847628,Carro;;;;;;;
309,0,23,0.671868741512299,24.5304347826087,0.192997857928276,0.118137624712493,Carro;;;;;;;
310,0,30,0.799164772033691,23.5233333333333,0.219166740775108,0.295977158341005,Carro;;;;;;;
311,0,42,1.19338119029999,23.4571428571429,0.342879176139832,0.48106795282281,Carro;;;;;;;
312,0,37,1.34052848815918,23.1216216216216,0.416891992092133,0.65135250913447,Carro;;;;;;;
313,0,36,1.31384670734406,24.8444444444444,0.370944797992706,0.776774408788059,Carro;;;;;;;
314,0,23,1.74955976009369,22.8130434782609,0.23826739192009,0.737251484005245,Carro;;;;;;;
315,0,20,1.06052982807159,19.41,0.185564413666725,0.627104024909449,Carro;;;;;;;
316,0,11,1.17708075046539,21.6636363636364,0.228882506489754,0.524275168679206,Carro;;;;;;;
317,0,19,0.678309917449951,25.8421052631579,0.210272639989853,0.460635474424519,Carro;;;;;;;
318,0,22,0.709059357643127,27.6681818181818,0.229578003287315,0.362750113512791,Carro;;;;;;;
319,0,20,0.467521131038666,25.34,0.193829134106636,0.262281671384195,Carro;;;;;;;
320,0,21,0.571853935718536,26.1904761904762,0.220662966370583,0.349475245343441,Carro;;;;;;;
321,0,23,0.965859115123749,26.6260869565217,0.290566980838776,0.425639759547253,Carro;;;;;;;
322,0,21,0.431078016757965,25.8714285714286,0.248375669121742,0.465655997317314,Carro;;;;;;;
323,0,23,0.694653511047363,21.9391304347826,0.203367441892624,0.34601228169942,Carro;;;;;;;
324,0,19,0.399309247732162,20.4842105263158,0.195602104067802,0.40487927316223,Carro;;;;;;;
325,0,22,1.13208329677582,19.6863636363636,0.220832914113998,0.425183187425436,Carro;;;;;;;
326,0,18,0.654440701007843,17.9888888888889,0.236793607473373,0.267310465162523,Carro;;;;;;;
327,0,11,0.567583978176117,19.9363636363636,0.186177894473076,0.237347248116494,Carro;;;;;;;
327,1,11,0.357997626066208,19.3090909090909,0.122342832386494,0.570628617972249,Carro;;;;;;;
328,0,20,0.602794051170349,18.64,0.161234781146049,0.200581418294169,Carro;;;;;;;
329,0,12,0.406776756048203,18.0166666666667,0.142080247402191,0.152864999947994,Carro;;;;;;;
329,1,4,0.29938992857933,16.325,0.0849781930446625,0.771066582841425,Carro;;;;;;;
330,0,10,0.230636715888977,18.66,0.158220782876015,0.197000521821589,Carro;;;;;;;
330,1,4,0.224959790706635,16.65,0.120177313685417,1.15962992557982,Carro;;;;;;;
331,0,10,0.163027659058571,19.27,0.158979639410973,0.162513877112377,Carro;;;;;;;
331,1,3,0.115261040627956,15.8333333333333,0.0849781930446625,0.986326998331046,Carro;;;;;;;
332,1,5,1.08395576477051,15.78,0.12314510345459,0.720471344103712,Carro;;;;;;;
333,1,8,1.07440555095673,17.3,0.136268258094788,0.735054628923495,Carro;;;;;;;
334,0,10,0.702084839344025,16.88,0.515736639499664,0.238858867916474,Carro;;;;;;;
334,1,8,1.14781904220581,17.2625,0.122830547392368,0.404214465960235,Carro;;;;;;;
335,0,15,0.914521634578705,17.9,0.687370955944061,0.326672860109744,Carro;;;;;;;
336,0,13,0.274170100688934,19,0.19363671541214,0.640593110950653,Carro;;;;;;;
337,0,11,0.46924763917923,17.8,0.164858490228653,0.292339879017982,Carro;;;;;;;
339,0,5,0.158665537834167,16.52,0.197471469640732,0.203721356837706,Carro;;;;;;;
340,0,8,0.155510544776917,16.2875,0.192712426185608,0.341883692057054,Carro;;;;;;;
341,0,5,0.077607549726963,16.38,0.197471469640732,0.25970036607617,Carro;;;;;;;
342,0,6,0.305617958307266,16.1666666666667,0.131647646427155,0.529634615805433,Carro;;;;;;;
345,0,4,0.338412076234818,16.2,0.169956386089325,0.443400476323201,Carro;;;;;;;
346,0,6,0.135694772005081,18.7,0.161234781146049,0.310222899420759,Carro;;;;;;;
348,0,6,0.162411451339722,17.4666666666667,0.161234781146049,0.249885869044079,Carro;;;;;;;
349,0,3,0.0803133472800255,15.1333333333333,0.147186547517776,0.291811304529988,Carro;;;;;;;
349,1,6,0.156046435236931,16.9333333333333,0.161234781146049,0.227448541025512,Carro;;;;;;;
350,0,3,0.22443675994873,17,0,0.160398361876457,Carro;;;;;;;
350,1,4,0.163750529289246,16.4,0.147186547517776,0.369718396466131,Carro;;;;;;;
351,0,12,0.167040675878525,21.4583333333333,0.171876847743988,0.10183065064669,Carro;;;;;;;
351,1,6,0.0968650877475739,16.9666666666667,0.131647646427155,0.411493859413714,Carro;;;;;;;
352,0,12,0.265467345714569,17.8416666666667,0.171876847743988,0.0391961031978622,Carro;;;;;;;
353,0,12,0.180579200387001,19.1833333333333,0.171876847743988,0.0868845940717865,Carro;;;;;;;
354,0,8,0.104240603744984,18.05,0.175921574234962,0.113818647282396,Carro;;;;;;;
355,0,9,0.354921281337738,16.2777777777778,0.147186547517776,0.169221592840575,Carro;;;;;;;
357,0,6,0.082272045314312,16.8666666666667,0.154370561242104,0.209858274515364,Carro;;;;;;;
358,0,8,0.0861361175775528,18.1125,0.175921574234962,0.151074565474034,Carro;;;;;;;
359,0,12,0.218005701899529,18.275,0.169956386089325,0.074678823175063,Carro;;;;;;;
360,0,12,0.205642819404602,18.6416666666667,0.169956386089325,0.0484990286830824,Carro;;;;;;;
362,0,5,0.348665475845337,16.82,0.161234781146049,0.115487725057861,Carro;;;;;;;
363,0,9,0.187878787517548,18.8888888888889,0.176896199584007,0.0630705432475539,Carro;;;;;;;
364,0,10,0.193225666880608,19.06,0.186177894473076,0.0946739605927066,Carro;;;;;;;
365,0,5,0.111087650060654,19.04,0.161234781146049,0.142541719933393,Carro;;;;;;;
366,0,4,0.08021330088377,16.2,0.169956386089325,0.150386116792192,Carro;;;;;;;
368,0,4,0.157051891088486,16.475,0.147186547517776,0.0679153591046724,Carro;;;;;;;
369,0,10,0.449928730726242,17.23,0.180932387709618,0.0434683351762617,Carro;;;;;;;
370,0,10,1.10709285736084,16.47,0.183573886752129,0.230422762094843,Carro;;;;;;;
371,0,12,1.16918504238129,17.3083333333333,0.182527869939804,0.713392355542253,Carro;;;;;;;
372,0,18,1.22117936611176,18.3555555555556,0.175892814993858,0.675864634975893,Carro;;;;;;;
373,0,19,1.27676451206207,19.4526315789474,0.209669262170792,0.65152856270135,Carro;;;;;;;
374,0,17,1.27175855636597,19.7529411764706,0.186775848269463,0.564306543807465,Carro;;;;;;;
375,0,18,0.535274624824524,21.4388888888889,0.164020895957947,0.52981966181516,Carro;;;;;;;
376,0,22,1.2865571975708,23.1727272727273,0.287033766508102,0.474946899616052,Carro;;;;;;;
377,0,16,0.552485406398773,25.01875,0.16011118888855,0.549204777873946,Carro;;;;;;;
378,0,19,1.0796023607254,23.7052631578947,0.222565814852715,0.591152154392955,Carro;;;;;;;
379,0,21,0.927666544914246,26.3904761904762,0.199291527271271,0.711828162718669,Carro;;;;;;;
380,0,23,1.12483692169189,24.0173913043478,0.19255368411541,0.740299456517694,Carro;;;;;;;
381,0,24,1.43686032295227,24.2666666666667,0.198897272348404,0.657888532518071,Carro;;;;;;;
382,0,26,0.995157957077026,25.85,0.185909152030945,0.518383925547852,Carro;;;;;;;
383,0,28,1.34278452396393,24.8178571428571,0.183807849884033,0.412839620391099,Carro;;;;;;;
384,0,23,0.687574923038483,25.1304347826087,0.177030622959137,0.343893832515043,Carro;;;;;;;
385,0,20,0.90127420425415,26.24,0.161234796047211,0.279310379207938,Carro;;;;;;;
386,0,25,0.812480390071869,24.612,0.165216475725174,0.235263435470125,Carro;;;;;;;
387,0,23,0.875366747379303,24.495652173913,0.158395066857338,0.303172028223427,Carro;;;;;;;
388,0,23,0.641779363155365,23.9521739130435,0.144840776920319,0.271317857011037,Carro;;;;;;;
389,0,18,0.442331522703171,25.2944444444444,0.118097439408302,0.138727615569472,Carro;;;;;;;
390,0,27,1.02616751194,20.637037037037,0.19546090066433,0.12677213858194,Carro;;;;;;;
391,0,21,0.893661022186279,24.352380952381,0.175039753317833,0.168872902406108,Carro;;;;;;;
392,0,24,0.828774869441986,23.1833333333333,0.273358136415482,0.13201764818013,Carro;;;;;;;
393,0,28,0.949458539485931,21.6464285714286,0.249710395932198,0.211228794481175,Carro;;;;;;;
394,0,28,1.2090300321579,23.575,0.390557944774628,0.406881149189665,Carro;;;;;;;
395,0,31,1.25785887241364,22.6806451612903,0.369907826185226,0.341756238281595,Carro;;;;;;;
396,0,21,1.19356107711792,27.8142857142857,0.261131435632706,0.182887304788925,Carro;;;;;;;
397,0,25,0.862037003040314,27.2,0.196922168135643,0.252775794762487,Carro;;;;;;;
398,0,28,1.12633991241455,30.2428571428571,0.22425688803196,0.0784495210892769,Carro;;;;;;;
399,0,28,0.839977920055389,27.9642857142857,0.194709479808807,0.142595978557205,Carro;;;;;;;
400,0,22,0.571136176586151,29.0136363636364,0.189893573522568,0.154862070035061,Carro;;;;;;;
401,0,24,1.09786188602448,27.5041666666667,0.149829253554344,0.14857389163555,Carro;;;;;;;
402,0,25,0.483484596014023,27.444,0.167387589812279,0.235347694957431,Carro;;;;;;;
403,0,27,0.743707776069641,25.7407407407407,0.189691916108131,0.265647175671961,Carro;;;;;;;
404,0,25,0.536052405834198,27.54,0.159433245658875,0.249798314552684,Carro;;;;;;;
405,0,27,0.882590174674988,26.9740740740741,0.160043716430664,0.237516978356589,Carro;;;;;;;
406,0,27,0.931374251842499,29.0185185185185,0.164980992674828,0.227227240451206,Carro;;;;;;;
407,0,29,0.714389741420746,29.9310344827586,0.184073761105537,0.342110408749694,Carro;;;;;;;
408,0,28,1.45393979549408,25.5,0.162368282675743,0.494135825985199,Carro;;;;;;;
409,0,29,1.1169261932373,25.5206896551724,0.160371974110603,0.644996052818147,Carro;;;;;;;
410,0,36,1.10865747928619,26.6083333333333,0.221091136336327,0.642720672281434,Carro;;;;;;;
411,0,25,0.56919527053833,27.952,0.196187406778336,0.759413286549268,Carro;;;;;;;
412,0,24,0.846493065357208,27.6125,0.225528329610825,0.664907174499078,Carro;;;;;;;
413,0,27,0.986089646816254,26.5111111111111,0.505553603172302,0.470339941039547,Carro;;;;;;;
414,0,18,0.831045150756836,25.6333333333333,0.17346103489399,0.25867339564519,Carro;;;;;;;
415,0,21,0.875916481018066,29.9619047619048,0.189745396375656,0.465884495811247,Carro;;;;;;;
416,0,23,1.2534886598587,27.895652173913,0.249502569437027,0.578619288869938,Carro;;;;;;;
417,0,24,1.00508689880371,23.7958333333333,0.28121343255043,0.373740510960985,Carro;;;;;;;
418,0,20,1.46565306186676,23.56,0.25313925743103,0.276934569566078,Carro;;;;;;;
419,0,36,1.31789803504944,21.7416666666667,0.340721100568771,0.335219162844384,Carro;;;;;;;
420,0,27,1.06243479251862,23.9296296296296,0.37545907497406,0.433002481406455,Carro;;;;;;;
421,0,21,0.927247285842896,26.5571428571429,0.223911613225937,0.513594224596122,Carro;;;;;;;
422,0,13,0.39734759926796,22.3538461538462,0.164137065410614,0.524406488576787,Carro;;;;;;;
423,0,20,0.542198956012726,24.725,0.190266862511635,0.404058173244944,Carro;;;;;;;
424,0,24,0.473298579454422,27.3583333333333,0.207775771617889,0.239181925994992,Carro;;;;;;;
425,0,23,0.756603896617889,25.1521739130435,0.215629264712334,0.149502322067517,Carro;;;;;;;
426,0,15,1.33652126789093,21.3466666666667,0.163774073123932,0.177534874109435,Carro;;;;;;;
427,0,24,0.859310567378998,22.15,0.191559791564941,0.20344699269837,Carro;;;;;;;
428,0,15,0.603750169277191,21.7533333333333,0.159303769469261,0.129406154621115,Carro;;;;;;;
429,0,15,0.599675834178925,17.9533333333333,0.145068645477295,0.103157938536434,Carro;;;;;;;
430,0,18,0.579390645027161,19.3222222222222,0.176495552062988,0.100863573009539,Carro;;;;;;;
431,0,18,0.63640570640564,20.1555555555556,0.159646227955818,0.150742856496906,Carro;;;;;;;
432,0,17,0.643093168735504,18.1705882352941,0.156624242663383,0.0314927184246319,Carro;;;;;;;
433,0,13,0.483990073204041,18.8,0.136413753032684,0.0610013923531281,Carro;;;;;;;
434,0,16,0.438764750957489,20.86875,0.120177321135998,0.13539487708146,Carro;;;;;;;
435,0,16,0.393062472343445,20.025,0.149317592382431,0.23397402313967,Carro;;;;;;;
436,0,19,0.536702454090118,19.6736842105263,0.172178119421005,0.248673157682562,Carro;;;;;;;
437,0,16,0.65354984998703,17.5,0.200195342302322,0.335660820202247,Carro;;;;;;;
438,0,15,0.594425916671753,17.5333333333333,0.214499294757843,0.3044763989372,Carro;;;;;;;
439,0,8,0.568799197673798,18.2125,0.214559406042099,0.262161023365878,Carro;;;;;;;
440,0,18,1.20522022247314,18.5333333333333,0.254795730113983,0.320348477975299,Carro;;;;;;;
441,0,14,0.532684624195099,19.6428571428571,0.177605077624321,0.29565037252827,Carro;;;;;;;
442,0,12,0.972129642963409,18.75,0.211283504962921,0.261752305642772,Carro;;;;;;;
443,0,11,0.997628629207611,20.3090909090909,0.1524448543787,0.174549294309808,Carro;;;;;;;
444,0,10,0.805107533931732,19.04,0.139633417129517,0.187266534416501,Carro;;;;;;;
445,0,10,0.976062119007111,18.29,0.139633417129517,0.182387436974322,Carro;;;;;;;
446,0,5,0.579010665416718,16.66,0.123145096004009,0.511789092256907,Carro;;;;;;;
447,0,13,0.516753256320953,17.5461538461538,0.194352567195892,0.434533427349205,Carro;;;;;;;
448,0,16,1.0035388469696,18.78125,0.11866557598114,0.0315472916879561,Carro;;;;;;;
449,0,3,0.102909557521343,16.3333333333333,0.169956386089325,0.10723006347545,Carro;;;;;;;
454,0,3,0.0621499270200729,17.3,0.169956386089325,0.136508433241547,Carro;;;;;;;
455,0,5,0.142491593956947,17.22,0.161234781146049,0.0823509922915261,Carro;;;;;;;
456,0,13,0.996412098407745,16.6692307692308,0.173993915319443,0.153514357394709,Carro;;;;;;;
457,0,12,1.01216316223145,17.0916666666667,0.178895100951195,0.209963944621561,Carro;;;;;;;
459,0,3,0.913630604743958,15.2,0.169956386089325,0.427508969323081,Carro;;;;;;;
485,0,7,0.157658010721207,16.4571428571429,0.163774058222771,0.499051881590077,Carro;;;;;;;
486,0,14,1.02054691314697,16.8142857142857,0.198793187737465,0.174782714250689,Carro;;;;;;;
487,0,18,1.12929034233093,18.3666666666667,0.199113830924034,0.233209334756407,Carro;;;;;;;
488,0,20,0.969299077987671,20.64,0.161234796047211,0.330928181227016,Carro;;;;;;;
489,0,17,1.23426735401154,18.1117647058824,0.216039150953293,0.375289548328818,Carro;;;;;;;
490,0,14,1.23702955245972,17.4642857142857,0.299186021089554,0.631944843806487,Carro;;;;;;;
491,0,27,1.32103288173676,19.2740740740741,0.422925382852554,0.726254918147183,Carro;;;;;;;
492,0,15,1.14895594120026,17.0466666666667,0.337781608104706,0.789165143515926,Carro;;;;;;;
493,0,22,1.61185550689697,18.4818181818182,0.620391428470612,0.673673997614045,Carro;;;;;;;
494,0,21,1.25953912734985,18.7952380952381,0.244609028100967,0.726275976262078,Carro;;;;;;;
495,0,24,0.809955656528473,18.4291666666667,0.35171565413475,0.509090167352034,Carro;;;;;;;
496,0,12,0.393443077802658,19.2583333333333,0.359620362520218,0.450006099252649,Carro;;;;;;;
497,0,15,0.869680225849152,19.3133333333333,0.26563572883606,0.428224543407842,Carro;;;;;;;
498,0,32,0.955822110176086,24.09375,0.443040937185287,0.558350965305954,Carro;;;;;;;
499,0,20,0.700721621513367,25.085,0.193829104304314,0.54113157035034,Carro;;;;;;;
500,0,24,1.06459605693817,26.3583333333333,0.196415290236473,0.499407123114787,Carro;;;;;;;
501,0,24,0.719152629375458,25.8083333333333,0.198897272348404,0.524623926692804,Carro;;;;;;;
502,0,16,1.02163875102997,24.43125,0.154077917337418,0.513970540165241,Carro;;;;;;;
503,0,14,0.403110176324844,20.2071428571429,0.149593025445938,0.621196308904392,Carro;;;;;;;
504,0,25,0.707364737987518,21.796,0.20815321803093,0.500678732198906,Carro;;;;;;;
505,0,20,0.437773108482361,24.655,0.175295472145081,0.407961568038069,Carro;;;;;;;
506,0,24,1.51317048072815,22.025,0.182430103421211,0.35616801926626,Carro;;;;;;;
507,0,17,1.17116606235504,22.3,0.187626779079437,0.329690876798837,Carro;;;;;;;
508,0,19,0.359870672225952,23.8421052631579,0.155555978417397,0.284648379646786,Carro;;;;;;;
509,0,18,0.406871557235718,25.5722222222222,0.161629483103752,0.257440179371918,Carro;;;;;;;
510,0,19,0.335659950971603,26.6105263157895,0.165040031075478,0.233542138216763,Carro;;;;;;;
511,0,22,0.364776611328125,27.3090909090909,0.162191674113274,0.212141075845759,Carro;;;;;;;
512,0,16,0.355207771062851,26.74375,0.140920385718346,0.172237379783209,Carro;;;;;;;
513,0,18,0.339638590812683,25.8222222222222,0.123661443591118,0.176778432004638,Carro;;;;;;;
514,0,16,0.799429595470428,24.03125,0.120177321135998,0.139361557033605,Carro;;;;;;;
515,0,12,0.277317076921463,20.65,0.157943934202194,0.319796526910137,Carro;;;;;;;
516,0,13,0.356997311115265,20.1384615384615,0.163288816809654,0.121570806745021,Carro;;;;;;;
517,0,20,0.614343881607056,21.765,0.190266862511635,0.189779726943152,Carro;;;;;;;
518,0,18,0.51785272359848,23.5388888888889,0.17346103489399,0.156777974517,Carro;;;;;;;
519,0,19,0.625222146511078,27.2368421052632,0.18529112637043,0.244534978178976,Carro;;;;;;;
520,0,26,0.790514290332794,25.1153846153846,0.204925820231438,0.375659344702096,Carro;;;;;;;
521,0,27,1.03056621551514,23.4481481481481,0.208153203129768,0.449634095536793,Carro;;;;;;;
522,0,22,1.05267488956451,21.6681818181818,0.214477464556694,0.527529677602485,Carro;;;;;;;
523,0,22,0.750610888004303,22.6909090909091,0.220832899212837,0.537637944547558,Carro;;;;;;;
524,0,21,1.49163031578064,23.6571428571429,0.230719015002251,0.602151889330437,Carro;;;;;;;
525,0,26,1.20672845840454,24.1153846153846,0.162572875618935,0.410384213941281,Carro;;;;;;;
526,0,28,1.45343160629272,24.85,0.199147701263428,0.309842770806296,Carro;;;;;;;
527,0,21,0.51180112361908,30.0285714285714,0.158329427242279,0.336902657944327,Carro;;;;;;;
528,0,21,0.940121233463287,27.1714285714286,0.163458824157715,0.302217415717189,Carro;;;;;;;
529,0,23,0.618893265724182,30.9869565217391,0.203367441892624,0.263392519966593,Carro;;;;;;;
530,0,18,0.608266830444336,29.4388888888889,0.20695935189724,0.23438320053939,Carro;;;;;;;
531,0,20,0.773687899112701,28.43,0.204143211245537,0.279649353339405,Carro;;;;;;;
532,0,19,0.729811072349548,29.6315789473684,0.193649291992188,0.540686627682132,Carro;;;;;;;
533,0,21,0.998299598693848,29.252380952381,0.23492830991745,0.244685513529641,Carro;;;;;;;
534,0,18,0.696205317974091,22.8666666666667,0.200707450509071,0.283648703098907,Carro;;;;;;;
535,0,21,0.445355325937271,23.9904761904762,0.216414496302605,0.259468041201201,Carro;;;;;;;
536,0,19,0.663220286369324,21.7578947368421,0.182882472872734,0.285970222643766,Carro;;;;;;;
537,0,22,0.656891107559204,19.9,0.197518974542618,0.306772074483266,Carro;;;;;;;
538,0,19,0.727292060852051,19,0.205087438225746,0.314891028847362,Carro;;;;;;;
539,0,16,0.600098550319672,18.7625,0.185935333371162,0.269949099554989,Carro;;;;;;;
540,0,12,0.29458674788475,17.4583333333333,0.142080247402191,0.161784076515358,Carro;;;;;;;
541,0,22,0.444086670875549,21.3227272727273,0.225039631128311,0.164487283910904,Carro;;;;;;;
542,0,18,0.77055436372757,18.0611111111111,0.231349363923073,0.290343289540323,Carro;;;;;;;
543,0,17,0.739380955696106,17.7058823529412,0.293831437826157,0.121559175683032,Carro;;;;;;;
544,0,15,0.757438480854034,20,0.232500612735748,0.173042112340048,Carro;;;;;;;
545,0,15,1.32259857654572,19.26,0.2066610455513,0.203334756028622,Carro;;;;;;;
546,0,13,1.07525682449341,20.0769230769231,0.199291527271271,0.338198405504011,Carro;;;;;;;
547,0,19,0.760933697223663,20.4578947368421,0.215332999825478,0.222434085660707,Carro;;;;;;;
548,0,10,0.916698217391968,19.15,0.152013629674911,0.309497023717566,Carro;;;;;;;
549,0,8,0.140329703688622,19.6875,0.122830554842949,0.578940298013576,Carro;;;;;;;
550,0,8,0.078978955745697,17.1125,0.175921574234962,0.529851478218357,Carro;;;;;;;
551,0,4,0.101326696574688,16.525,0.169956386089325,0.500809324849453,Carro;;;;;;;
552,0,5,0.798614263534546,17.1,0.147186547517776,0.186407898297232,Carro;;;;;;;
553,0,19,1.04382026195526,17.3368421052632,0.149746507406235,0.107622076858698,Carro;;;;;;;
554,0,11,0.979194343090057,16.1727272727273,0.212831392884254,0.27868708394166,Carro;;;;;;;
555,0,11,0.355688244104385,15.9454545454545,0.164858490228653,0.472998523764261,Carro;;;;;;;
556,0,6,0.502859055995941,17.7,0.0760068073868752,0.159163571137051,Carro;;;;;;;
557,0,8,0.395530790090561,18.0375,0.183456763625145,0.308194359821165,Carro;;;;;;;
558,0,14,0.403250008821487,17.9,0.17993551492691,0.404804880439763,Carro;;;;;;;
559,0,6,0.390148192644119,16.25,0.0600886568427086,0.49010729888958,Carro;;;;;;;
560,0,5,0.473875939846039,15.46,0.161234781146049,0.360240626468957,Carro;;;;;;;
562,0,3,0.0450868681073189,15.3333333333333,0.169956386089325,0.435551288965226,Carro;;;;;;;
564,0,8,0.141207903623581,17.9875,0.191706106066704,0.400717381916121,Carro;;;;;;;
565,0,5,0.0722146108746529,17.26,0.197471469640732,0.217657865983635,Carro;;;;;;;
570,0,9,0.360693782567978,16.5444444444444,0.127467289566994,0.250745379749166,Carro;;;;;;;
571,0,9,0.435873538255692,18.0333333333333,0.164559558033943,0.128468248989444,Carro;;;;;;;
572,0,12,1.43250346183777,17.1,0.167524844408035,0.186843668454399,Carro;;;;;;;
573,0,12,1.35354447364807,16.7,0.157943949103355,0.357716279615201,Carro;;;;;;;
575,0,4,0.00103592872619629,15.825,0.190017014741898,0.533839097465128,Carro;;;;;;;
576,0,8,0.0718549266457558,18.5,0.175921574234962,0.48835629706754,Carro;;;;;;;
578,0,5,0.072765626013279,17.56,0.147186547517776,0.487222786275811,Carro;;;;;;;
579,0,9,0.141080379486084,18.2333333333333,0.180265977978706,0.336350838527385,Carro;;;;;;;
580,0,4,0.133982419967651,17.775,0.147186547517776,0.305328513353784,Carro;;;;;;;
582,0,9,0.207390367984772,17.6,0.127467289566994,0.420701011455247,Carro;;;;;;;
583,0,7,0.10802984982729,17.5714285714286,0.163774073123932,0.0676777309167275,Carro;;;;;;;
584,0,15,0.485726922750473,17.4666666666667,0.174744829535484,0.375323086998131,Carro;;;;;;;
586,0,8,0.353384166955948,17.1,0.175921574234962,0.0383143321220843,Carro;;;;;;;
588,0,7,0.40740180015564,17.1571428571429,0.178829565644264,0.132850423615784,Carro;;;;;;;
589,0,3,0.304335862398148,16.4666666666667,0,0.303462529949391,Carro;;;;;;;
90,0,20,0.587827384471893,19.69,0.160348370671272,0.764683054599064,Carro;;;;;;;
91,0,18,0.739545583724976,21.1722222222222,0.151453718543053,0.587512099846129,Carro;;;;;;;
92,0,23,0.520054340362549,21.5695652173913,0.152613282203674,0.291629917430055,Carro;;;;;;;
93,0,24,0.453927904367447,25.575,0.155358910560608,0.2868133795846,Carro;;;;;;;
94,0,21,0.459050267934799,27.2142857142857,0.12314510345459,0.244271830154842,Carro;;;;;;;
95,0,30,0.384865909814835,27.4633333333333,0.175790086388588,0.352393242469175,Carro;;;;;;;
96,0,28,1.10781121253967,23.1428571428571,0.156893089413643,0.503109343964645,Carro;;;;;;;
97,0,28,0.804299533367157,24.6571428571429,0.153196588158607,0.514645080011766,Carro;;;;;;;
98,0,25,0.473403543233871,25.752,0.133823782205582,0.486159405111428,Carro;;;;;;;
99,0,25,0.987264513969421,23.848,0.15319661796093,0.457487718204864,Carro;;;;;;;
100,0,26,0.792634189128876,24.8153846153846,0.155446320772171,0.319581448298532,Carro;;;;;;;
101,0,28,0.561174213886261,24.225,0.162368267774582,0.249597212656177,Carro;;;;;;;
102,0,27,0.661756217479706,25.5407407407407,0.158882573246956,0.287433920638251,Carro;;;;;;;
103,0,21,0.460281759500504,24.2190476190476,0.12314510345459,0.301460943357977,Carro;;;;;;;
104,0,26,0.630764186382294,19.7730769230769,0.154478460550308,0.141310468586856,Carro;;;;;;;
105,0,22,1.02226829528809,19.9636363636364,0.189893588423729,0.161498274021936,Carro;;;;;;;
106,0,23,0.972053110599518,20.5173913043478,0.19143870472908,0.404718008950717,Carro;;;;;;;
107,0,27,1.19705271720886,21.7518518518519,0.249180197715759,0.556384711004806,Carro;;;;;;;
108,0,9,0.642185151576996,22.6333333333333,0.269841998815536,0.634554662809778,Carro;;;;;;;
109,0,34,0.674545764923096,27.0147058823529,0.756707429885864,0.937334250798261,Carro;;;;;;;
110,0,20,0.713441729545593,25.045,0.247560024261475,0.826806272169215,Carro;;;;;;;
111,0,33,1.21283435821533,24.8909090909091,0.393715053796768,0.542103463020344,Carro;;;;;;;
112,0,30,1.10146200656891,22.09,0.175790056586266,0.272036751247878,Carro;;;;;;;
113,0,28,1.19894874095917,23.0678571428571,0.246940910816193,0.873148497351822,Carro;;;;;;;
114,0,29,0.826734006404877,21.2793103448276,0.16037206351757,0.75980858062504,Carro;;;;;;;
115,0,19,0.620859086513519,24.1842105263158,0.157578900456429,0.647265377046783,Carro;;;;;;;
116,0,19,0.725570678710938,24.9473684210526,0.149746507406235,0.33410396229823,Carro;;;;;;;
117,0,22,0.686444461345673,26.0318181818182,0.16088542342186,0.162273558890034,Carro;;;;;;;
118,0,21,0.984909355640411,24.8428571428571,0.158329427242279,0.186124163674364,Carro;;;;;;;
119,0,22,0.768776118755341,24.0409090909091,0.147504806518555,0.147169460194326,Carro;;;;;;;
120,0,19,0.707017064094543,27.1105263157895,0.137852847576141,0.253464235506414,Carro;;;;;;;
121,0,22,0.471711456775665,29.5227272727273,0.13557830452919,0.169342922237669,Carro;;;;;;;
122,0,24,0.780327498912811,29.0833333333333,0.184143111109734,0.20448810088121,Carro;;;;;;;
123,0,30,0.445702075958252,30.55,0.190932124853134,0.243850791134095,Carro;;;;;;;
124,0,31,1.28340816497803,24.7677419354839,0.164665713906288,0.210832779566513,Carro;;;;;;;
125,0,25,0.918096721172333,28.084,0.163899973034859,0.370625675726684,Carro;;;;;;;
126,0,32,1.40194940567017,27.959375,0.186927109956741,0.352012241196052,Carro;;;;;;;
127,0,32,1.46457958221436,24.990625,0.213947892189026,0.295338525959096,Carro;;;;;;;
128,0,28,0.748276889324188,26.6892857142857,0.176571950316429,0.367075402375423,Carro;;;;;;;
129,0,23,0.982352674007416,26.895652173913,0.177030622959137,0.490687645492711,Carro;;;;;;;
130,0,23,1.10301208496094,25.695652173913,0.212630107998848,0.541492925965563,Carro;;;;;;;
131,0,25,1.1754252910614,25.388,0.182851240038872,0.438078300910738,Carro;;;;;;;
132,0,24,0.971155524253845,24.2541666666667,0.191559836268425,0.437524086099678,Carro;;;;;;;
133,0,22,1.15968132019043,20.6318181818182,0.197993189096451,0.321219454116015,Carro;;;;;;;
134,0,21,1.40017175674438,21.5380952380952,0.16720262169838,0.312338893362344,Carro;;;;;;;
135,0,16,0.53158164024353,21.4,0.16011118888855,0.322026500926483,Carro;;;;;;;
136,0,18,1.21763277053833,20.6,0.188144862651825,0.266075505525312,Carro;;;;;;;
137,0,21,1.41780209541321,18.4333333333333,0.222756832838058,0.319126184170221,Carro;;;;;;;
138,0,24,0.58130019903183,20.6333333333333,0.351213157176971,0.695185656314956,Carro;;;;;;;
139,0,17,1.12637269496918,19.8411764705882,0.20853553712368,0.764930859532388,Carro;;;;;;;
140,0,19,1.15123462677002,22.1736842105263,0.195602104067802,0.66946292524522,Carro;;;;;;;
141,0,19,1.31916630268097,20.0052631578947,0.218544915318489,0.488192545298516,Carro;;;;;;;
142,0,16,0.617137551307678,18.44375,0.156692042946815,0.133768974428146,Carro;;;;;;;
143,0,17,1.22872400283813,18.8764705882353,0.173052385449409,0.166240149732301,Carro;;;;;;;
144,0,15,1.33211302757263,18.1866666666667,0.171166062355042,0.357367092082924,Carro;;;;;;;
145,0,27,1.53494358062744,21.5518518518519,0.285539329051971,0.426732704022145,Carro;;;;;;;
146,0,34,1.23787319660187,22.7411764705882,0.491218358278275,0.559549355698605,Carro;;;;;;;
147,0,24,0.739926755428314,18.3875,0.447387367486954,0.560343307668456,Carro;;;;;;;
148,0,23,0.673253238201141,18.9913043478261,0.391064614057541,0.713764551225097,Carro;;;;;;;
149,0,18,1.24472200870514,18.2888888888889,0.21746814250946,0.316478418644178,Carro;;;;;;;
150,0,6,0.138147309422493,16.2833333333333,0.110798001289368,0.371232890122984,Carro;;;;;;;
151,0,4,0.446110427379608,15.25,0.120177313685417,0.418933406029319,Carro;;;;;;;
152,0,4,0.400584667921066,16.05,0.281840771436691,0.456767041509444,Carro;;;;;;;
153,0,14,0.452685207128525,17.4428571428571,0.159229025244713,0.381568317256325,Carro;;;;;;;
154,0,10,0.404617488384247,16.96,0.198686704039574,0.25405146467884,Carro;;;;;;;
155,0,12,0.429295599460602,19.0583333333333,0.18653017282486,0.424302028923133,Carro;;;;;;;
156,0,14,1.17818415164948,16.5357142857143,0.17993551492691,0.360116926781993,Carro;;;;;;;
157,0,9,0.249011680483818,16.6666666666667,0.191593959927559,0.201183999758512,Carro;;;;;;;
158,0,11,0.799030721187592,16.0545454545455,0.202396720647812,0.133885407784899,Carro;;;;;;;
159,0,4,0.0921162590384483,17.85,0.169956386089325,0.152649566200859,Carro;;;;;;;
160,0,10,0.454623252153397,16.8,0.172765776515007,0.179429000387246,Carro;;;;;;;
161,0,3,0.0702177435159683,16.3,0.169956386089325,0.0844590253524391,Carro;;;;;;;
162,0,7,0.139927610754967,18.6285714285714,0.184508085250854,0.157570724170354,Carro;;;;;;;
163,0,4,0.143310755491257,17.425,0.169956386089325,0.290213203650971,Carro;;;;;;;
164,0,4,0.0596713609993458,17.4,0.169956386089325,0.426057994308829,Carro;;;;;;;
166,0,4,0.061944380402565,17.6,0.169956386089325,0.520579605013305,Carro;;;;;;;
167,0,5,0.225007936358452,17.54,0.161234781146049,0.595976284110582,Carro;;;;;;;
173,0,3,0.0830001831054688,16.7333333333333,0.169956386089325,0.073185712141414,Carro;;;;;;;
187,0,4,0.0942526757717133,16.4,0.169956386089325,0.797571928579109,Carro;;;;;;;
188,0,4,0.052616611123085,16.875,0.169956386089325,0.556358100194879,Carro;;;;;;;
189,0,5,0.383350312709808,17.02,0.131647646427155,0.452188797601724,Carro;;;;;;;
190,0,9,0.483667135238647,17.4555555555556,0.147186547517776,0.231209889287628,Carro;;;;;;;
191,0,16,0.607801854610443,18.86875,0.182257920503616,0.468707886891725,Carro;;;;;;;
192,0,17,0.469342738389969,19.0294117647059,0.155091196298599,0.233464915779963,Carro;;;;;;;
193,0,14,0.679627060890198,17.8142857142857,0.138434827327728,0.223288175454824,Carro;;;;;;;
194,0,16,0.810473501682281,19.4625,0.20109511911869,0.325415894266713,Carro;;;;;;;
195,0,23,1.12497317790985,21.0739130434783,0.271524757146835,0.346085180901754,Carro;;;;;;;
196,0,18,0.903502523899078,21.7166666666667,0.188895970582962,0.504541787833794,Carro;;;;;;;
197,0,20,0.528615832328796,24.455,0.153072521090508,0.591999580707472,Carro;;;;;;;
198,0,19,0.540862202644348,23.7631578947368,0.174007922410965,0.699130629288714,Carro;;;;;;;
199,0,20,1.12860691547394,25.1,0.193829104304314,0.665992594006707,Carro;;;;;;;
200,0,21,0.966916978359222,24.4190476190476,0.183104991912842,0.599184869424755,Carro;;;;;;;
201,0,27,1.28124737739563,21.7962962962963,0.189691931009293,0.532303830429566,Carro;;;;;;;
202,0,37,1.82732951641083,22.2567567567568,0.24384793639183,0.43784946977537,Carro;;;;;;;
203,0,23,0.659436404705048,26.6913043478261,0.157582104206085,0.388537516239964,Carro;;;;;;;
204,0,21,0.686451256275177,28.8190476190476,0.165341302752495,0.283443732454644,Carro;;;;;;;
205,0,24,0.743659973144531,28.5125,0.173159077763557,0.259666800671895,Carro;;;;;;;
206,0,26,0.557688415050507,28.6576923076923,0.185819506645203,0.172862259686373,Carro;;;;;;;
207,0,19,0.496955722570419,27.4631578947368,0.120177321135998,0.164039688979711,Carro;;;;;;;
208,0,19,0.450693398714066,22.7315789473684,0.157980382442474,0.180560089707985,Carro;;;;;;;
209,0,11,0.482139736413956,19.1,0.138926401734352,0.23978586666324,Carro;;;;;;;
210,0,14,0.366772085428238,19.9357142857143,0.151176080107689,0.0666001176815325,Carro;;;;;;;
211,0,8,0.59206348657608,17.65,0.130466923117638,0.0678244605400829,Carro;;;;;;;
212,0,10,0.593661189079285,18.08,0.121174648404121,0.0700060903374913,Carro;;;;;;;
213,0,27,0.680337369441986,25.1925925925926,0.20106440782547,0.107086340757513,Carro;;;;;;;
214,0,28,0.852213203907013,25.5,0.236023545265198,0.130496862260894,Carro;;;;;;;
215,0,32,0.713890194892883,26.040625,0.262863665819168,0.169775782191437,Carro;;;;;;;
216,0,32,0.87218976020813,26.734375,0.236446142196655,0.237925678348339,Carro;;;;;;;
217,0,22,0.478721261024475,29.1863636363636,0.162191674113274,0.237336660709945,Carro;;;;;;;
218,0,28,0.794288814067841,26.1857142857143,0.195077076554298,0.292432992669894,Carro;;;;;;;
219,0,24,0.772636651992798,23.7083333333333,0.206639334559441,0.379678183642044,Carro;;;;;;;
220,0,29,1.04552793502808,23.2551724137931,0.168167874217033,0.386215648441315,Carro;;;;;;;
221,0,21,0.75593501329422,25.8095238095238,0.150650233030319,0.412084806126538,Carro;;;;;;;
222,0,24,0.729566633701324,23.1083333333333,0.186578020453453,0.433723945820991,Carro;;;;;;;
223,0,28,1.24091184139252,22.6607142857143,0.181296288967133,0.468019832524568,Carro;;;;;;;
224,0,16,0.481076180934906,25.825,0.120177313685417,0.529272232220181,Carro;;;;;;;
225,0,29,0.810132622718811,25.2931034482759,0.160205572843552,0.446596240452026,Carro;;;;;;;
226,0,15,0.588701009750366,23.66,0.1593037545681,0.671480374889992,Carro;;;;;;;
227,0,16,0.434005856513977,29.125,0.120177321135998,0.527214709842949,Carro;;;;;;;
228,0,18,0.802253901958466,23.0111111111111,0.122511059045792,0.362206184445482,Carro;;;;;;;
229,0,20,0.51270854473114,24.64,0.161234781146049,0.24995516703745,Carro;;;;;;;
230,0,7,0.511089861392975,17.0142857142857,0.143639370799065,0.155497553019134,Carro;;;;;;;
231,0,13,1.01142692565918,20.4076923076923,0.125822499394417,0.246024931650349,Carro;;;;;;;
232,0,20,1.58870351314545,21.27,0.168665662407875,0.211763335842879,Carro;;;;;;;
233,0,16,0.444035708904266,27.15625,0.149317592382431,0.286767589901387,Carro;;;;;;;
234,0,15,1.11874711513519,21.7733333333333,0.237331166863441,0.324065099326659,Carro;;;;;;;
235,0,27,0.785738229751587,21.2222222222222,0.249922156333923,0.37961742205112,Carro;;;;;;;
236,0,19,0.77003687620163,23.1842105263158,0.174007922410965,0.346750754593895,Carro;;;;;;;
237,0,30,1.0138064622879,24.3433333333333,0.220695197582245,0.391860550837652,Carro;;;;;;;
238,0,23,0.795675575733185,25.5521739130435,0.206501200795174,0.4084025108139,Carro;;;;;;;
239,0,26,0.73720920085907,23.1269230769231,0.197724461555481,0.509697958994376,Carro;;;;;;;
240,0,27,1.00854408740997,25.5185185185185,0.180693432688713,0.577971888461218,Carro;;;;;;;
241,0,21,1.06849253177643,24.3904761904762,0.16720262169838,0.444243891412297,Carro;;;;;;;
242,0,18,0.756441533565521,23.45,0.173461005091667,0.437995543750738,Carro;;;;;;;
243,0,28,1.24204099178314,22.9321428571429,0.178829506039619,0.479010052495946,Carro;;;;;;;
244,0,34,0.968197882175446,22.4352941176471,0.170466840267181,0.600617299400547,Carro;;;;;;;
245,0,31,1.0083179473877,22.0967741935484,0.171593263745308,0.556365542383847,Carro;;;;;;;
246,0,36,1.27370154857635,23.075,0.190694406628609,0.506671529660811,Carro;;;;;;;
247,0,29,1.15276396274567,24.9758620689655,0.189078658819199,0.456552748465151,Carro;;;;;;;
248,0,34,1.1414076089859,23.3882352941176,0.218869403004646,0.437982481268157,Carro;;;;;;;
249,0,32,0.892798900604248,24.759375,0.228890299797058,0.532369834981538,Carro;;;;;;;
250,0,22,0.711045563220978,28.9636363636364,0.201281577348709,0.498269610624415,Carro;;;;;;;
251,0,30,0.874098420143127,30.12,0.247751832008362,0.335277707983878,Carro;;;;;;;
252,0,23,0.758833050727844,29.0913043478261,0.324534177780151,0.220389951279142,Carro;;;;;;;
253,0,22,0.88833612203598,30.6,0.497958123683929,0.286584254166249,Carro;;;;;;;
254,0,20,0.692254543304443,30.17,0.438384979963303,0.183460811392822,Carro;;;;;;;
255,0,27,0.69810152053833,30.2777777777778,0.422925412654877,0.230719402940884,Carro;;;;;;;
256,0,23,0.712827861309052,31.4391304347826,0.22514833509922,0.180907708354249,Carro;;;;;;;
257,0,26,0.459175795316696,29.5038461538462,0.193894743919373,0.155697822951264,Carro;;;;;;;
258,0,21,0.529462933540344,25.9,0.179692789912224,0.347686135208315,Carro;;;;;;;
259,0,17,0.596559226512909,26.6,0.197954878211021,0.416910379147977,Carro;;;;;;;
260,0,23,0.514093995094299,21.3086956521739,0.258768379688263,0.335203160834515,Carro;;;;;;;
261,0,12,0.378390461206436,20.0833333333333,0.157943934202194,0.236098021786448,Carro;;;;;;;
262,0,10,0.489155262708664,21.8,0.15201361477375,0.367739684598058,Carro;;;;;;;
263,0,10,0.261166334152222,21.25,0.155922055244446,0.181497193935285,Carro;;;;;;;
264,0,13,0.43761134147644,19.9615384615385,0.151830807328224,0.0450553540147749,Carro;;;;;;;
265,0,18,0.325418829917908,23.8722222222222,0.16849210858345,0.0473684261401866,Carro;;;;;;;
266,0,20,0.291374951601028,23.26,0.168834552168846,0.0952893016982495,Carro;;;;;;;
267,0,20,0.387313991785049,24.92,0.161234796047211,0.125401582114073,Carro;;;;;;;
268,0,15,0.238189235329628,25.74,0.156032279133797,0.206688677943813,Carro;;;;;;;
269,0,12,0.177343562245369,25.1916666666667,0.157943949103355,0.333899257054298,Carro;;;;;;;
270,0,15,0.35498258471489,21.5666666666667,0.165652990341187,0.201171655318631,Carro;;;;;;;
271,0,10,0.350979745388031,19.49,0.155922055244446,0.137398314760972,Carro;;;;;;;
272,0,4,0.595831692218781,17.15,0.147186547517776,0.146879793864988,Carro;;;;;;;
273,0,6,0.262873619794846,17.6333333333333,0.15201361477375,0.109721473462989,Carro;;;;;;;
274,0,13,0.289542138576508,23.6769230769231,0.165820568799973,0.0651597278226874,Carro;;;;;;;
275,0,16,0.311810880899429,23.54375,0.169956386089325,0.131005247498114,Carro;;;;;;;
276,0,19,0.316585958003998,25.2842105263158,0.165040031075478,0.110773748646243,Carro;;;;;;;
277,0,18,0.356989413499832,24.8222222222222,0.161629483103752,0.171052408184802,Carro;;;;;;;
278,0,22,0.56756180524826,25.2909090909091,0.427641093730927,0.294335281045077,Carro;;;;;;;
279,0,19,0.543677151203156,22.6473684210526,0.249408230185509,0.460057451315617,Carro;;;;;;;
280,0,24,0.653489828109741,22.6541666666667,0.23739729821682,0.429518068953038,Carro;;;;;;;
281,0,20,0.864566564559937,23.94,0.349206030368805,0.371702365777474,Carro;;;;;;;
282,0,11,0.568916320800781,24.9181818181818,0.1524448543787,0.152298056638606,Carro;;;;;;;
283,0,18,0.85193532705307,21.5777777777778,0.233936056494713,0.046720068658293,Carro;;;;;;;
284,0,15,0.755626380443573,21.0066666666667,0.204149886965752,0.18466003231537,Carro;;;;;;;
285,0,19,0.502616763114929,18.7315789473684,0.157980382442474,0.249172730005993,Carro;;;;;;;
286,0,13,0.725593090057373,18.1307692307692,0.15455037355423,0.141466290375345,Carro;;;;;;;
287,0,22,0.86418342590332,20.1045454545455,0.16088542342186,0.129424482802882,Carro;;;;;;;
288,0,17,0.346845477819443,23.1,0.187201797962189,0.402122117684938,Carro;;;;;;;
289,0,17,0.84574556350708,21.5647058823529,0.194709524512291,0.463928263733026,Carro;;;;;;;
290,0,10,0.156126514077187,30.33,0.196861043572426,0.65131819936863,Carro;;;;;;;
291,0,23,0.698839724063873,26.5130434782609,0.624048173427582,0.411632094502208,Carro;;;;;;;
292,0,25,0.768837213516235,27.252,0.669766128063202,0.210035660275235,Carro;;;;;;;
293,0,30,0.806296348571777,27.16,0.321889907121658,0.202725982089523,Carro;;;;;;;
294,0,32,0.753297805786133,27.55625,0.381257981061935,0.195986993380726,Carro;;;;;;;
295,0,21,0.492871880531311,30.3333333333333,0.530494213104248,0.170757587094787,Carro;;;;;;;
296,0,18,0.740241527557373,25.6833333333333,0.529820740222931,0.241335339028257,Carro;;;;;;;
297,0,23,0.729779601097107,26.4130434782609,0.433930784463882,0.300191355365617,Carro;;;;;;;
298,0,29,0.858866751194,25.6275862068966,0.323394864797592,0.225677609578549,Carro;;;;;;;
299,0,21,0.750806629657745,26.5333333333333,0.171467140316963,0.271815699229885,Carro;;;;;;;
300,0,20,0.477472722530365,21.835,0.157478392124176,0.298837308498629,Carro;;;;;;;
301,0,23,0.715498030185699,26.7347826086957,0.185532882809639,0.475145016187792,Carro;;;;;;;
302,0,29,1.16555714607239,23.9758620689655,0.246528401970863,0.583346252997033,Carro;;;;;;;
303,0,33,1.3972852230072,21.4969696969697,0.25565779209137,0.554379840303202,Carro;;;;;;;
304,0,33,1.02454102039337,22.6818181818182,0.22464856505394,0.512532329545107,Carro;;;;;;;
305,0,27,1.33648324012756,26.8777777777778,0.186244189739227,0.409955691167279,Carro;;;;;;;
306,0,24,0.553650319576263,26.5041666666667,0.182430103421211,0.322185077881612,Carro;;;;;;;
307,0,21,0.573978304862976,24.0619047619048,0.158329412341118,0.225772894837169,Carro;;;;;;;
308,0,19,0.448820888996124,21.5684210526316,0.148898094892502,0.0864802731847628,Carro;;;;;;;
309,0,23,0.671868741512299,24.5304347826087,0.192997857928276,0.118137624712493,Carro;;;;;;;
310,0,30,0.799164772033691,23.5233333333333,0.219166740775108,0.295977158341005,Carro;;;;;;;
311,0,42,1.19338119029999,23.4571428571429,0.342879176139832,0.48106795282281,Carro;;;;;;;
312,0,37,1.34052848815918,23.1216216216216,0.416891992092133,0.65135250913447,Carro;;;;;;;
313,0,36,1.31384670734406,24.8444444444444,0.370944797992706,0.776774408788059,Carro;;;;;;;
314,0,23,1.74955976009369,22.8130434782609,0.23826739192009,0.737251484005245,Carro;;;;;;;
315,0,20,1.06052982807159,19.41,0.185564413666725,0.627104024909449,Carro;;;;;;;
316,0,11,1.17708075046539,21.6636363636364,0.228882506489754,0.524275168679206,Carro;;;;;;;
317,0,19,0.678309917449951,25.8421052631579,0.210272639989853,0.460635474424519,Carro;;;;;;;
318,0,22,0.709059357643127,27.6681818181818,0.229578003287315,0.362750113512791,Carro;;;;;;;
319,0,20,0.467521131038666,25.34,0.193829134106636,0.262281671384195,Carro;;;;;;;
320,0,21,0.571853935718536,26.1904761904762,0.220662966370583,0.349475245343441,Carro;;;;;;;
321,0,23,0.965859115123749,26.6260869565217,0.290566980838776,0.425639759547253,Carro;;;;;;;
322,0,21,0.431078016757965,25.8714285714286,0.248375669121742,0.465655997317314,Carro;;;;;;;
323,0,23,0.694653511047363,21.9391304347826,0.203367441892624,0.34601228169942,Carro;;;;;;;
324,0,19,0.399309247732162,20.4842105263158,0.195602104067802,0.40487927316223,Carro;;;;;;;
325,0,22,1.13208329677582,19.6863636363636,0.220832914113998,0.425183187425436,Carro;;;;;;;
326,0,18,0.654440701007843,17.9888888888889,0.236793607473373,0.267310465162523,Carro;;;;;;;
327,0,11,0.567583978176117,19.9363636363636,0.186177894473076,0.237347248116494,Carro;;;;;;;
327,1,11,0.357997626066208,19.3090909090909,0.122342832386494,0.570628617972249,Carro;;;;;;;
328,0,20,0.602794051170349,18.64,0.161234781146049,0.200581418294169,Carro;;;;;;;
329,0,12,0.406776756048203,18.0166666666667,0.142080247402191,0.152864999947994,Carro;;;;;;;
329,1,4,0.29938992857933,16.325,0.0849781930446625,0.771066582841425,Carro;;;;;;;
330,0,10,0.230636715888977,18.66,0.158220782876015,0.197000521821589,Carro;;;;;;;
330,1,4,0.224959790706635,16.65,0.120177313685417,1.15962992557982,Carro;;;;;;;
331,0,10,0.163027659058571,19.27,0.158979639410973,0.162513877112377,Carro;;;;;;;
331,1,3,0.115261040627956,15.8333333333333,0.0849781930446625,0.986326998331046,Carro;;;;;;;
332,1,5,1.08395576477051,15.78,0.12314510345459,0.720471344103712,Carro;;;;;;;
333,1,8,1.07440555095673,17.3,0.136268258094788,0.735054628923495,Carro;;;;;;;
334,0,10,0.702084839344025,16.88,0.515736639499664,0.238858867916474,Carro;;;;;;;
334,1,8,1.14781904220581,17.2625,0.122830547392368,0.404214465960235,Carro;;;;;;;
335,0,15,0.914521634578705,17.9,0.687370955944061,0.326672860109744,Carro;;;;;;;
336,0,13,0.274170100688934,19,0.19363671541214,0.640593110950653,Carro;;;;;;;
337,0,11,0.46924763917923,17.8,0.164858490228653,0.292339879017982,Carro;;;;;;;
339,0,5,0.158665537834167,16.52,0.197471469640732,0.203721356837706,Carro;;;;;;;
340,0,8,0.155510544776917,16.2875,0.192712426185608,0.341883692057054,Carro;;;;;;;
341,0,5,0.077607549726963,16.38,0.197471469640732,0.25970036607617,Carro;;;;;;;
342,0,6,0.305617958307266,16.1666666666667,0.131647646427155,0.529634615805433,Carro;;;;;;;
345,0,4,0.338412076234818,16.2,0.169956386089325,0.443400476323201,Carro;;;;;;;
346,0,6,0.135694772005081,18.7,0.161234781146049,0.310222899420759,Carro;;;;;;;
348,0,6,0.162411451339722,17.4666666666667,0.161234781146049,0.249885869044079,Carro;;;;;;;
349,0,3,0.0803133472800255,15.1333333333333,0.147186547517776,0.291811304529988,Carro;;;;;;;
349,1,6,0.156046435236931,16.9333333333333,0.161234781146049,0.227448541025512,Carro;;;;;;;
350,0,3,0.22443675994873,17,0,0.160398361876457,Carro;;;;;;;
350,1,4,0.163750529289246,16.4,0.147186547517776,0.369718396466131,Carro;;;;;;;
351,0,12,0.167040675878525,21.4583333333333,0.171876847743988,0.10183065064669,Carro;;;;;;;
351,1,6,0.0968650877475739,16.9666666666667,0.131647646427155,0.411493859413714,Carro;;;;;;;
352,0,12,0.265467345714569,17.8416666666667,0.171876847743988,0.0391961031978622,Carro;;;;;;;
353,0,12,0.180579200387001,19.1833333333333,0.171876847743988,0.0868845940717865,Carro;;;;;;;
354,0,8,0.104240603744984,18.05,0.175921574234962,0.113818647282396,Carro;;;;;;;
355,0,9,0.354921281337738,16.2777777777778,0.147186547517776,0.169221592840575,Carro;;;;;;;
357,0,6,0.082272045314312,16.8666666666667,0.154370561242104,0.209858274515364,Carro;;;;;;;
358,0,8,0.0861361175775528,18.1125,0.175921574234962,0.151074565474034,Carro;;;;;;;
359,0,12,0.218005701899529,18.275,0.169956386089325,0.074678823175063,Carro;;;;;;;
360,0,12,0.205642819404602,18.6416666666667,0.169956386089325,0.0484990286830824,Carro;;;;;;;
362,0,5,0.348665475845337,16.82,0.161234781146049,0.115487725057861,Carro;;;;;;;
363,0,9,0.187878787517548,18.8888888888889,0.176896199584007,0.0630705432475539,Carro;;;;;;;
364,0,10,0.193225666880608,19.06,0.186177894473076,0.0946739605927066,Carro;;;;;;;
365,0,5,0.111087650060654,19.04,0.161234781146049,0.142541719933393,Carro;;;;;;;
366,0,4,0.08021330088377,16.2,0.169956386089325,0.150386116792192,Carro;;;;;;;
368,0,4,0.157051891088486,16.475,0.147186547517776,0.0679153591046724,Carro;;;;;;;
369,0,10,0.449928730726242,17.23,0.180932387709618,0.0434683351762617,Carro;;;;;;;
370,0,10,1.10709285736084,16.47,0.183573886752129,0.230422762094843,Carro;;;;;;;
371,0,12,1.16918504238129,17.3083333333333,0.182527869939804,0.713392355542253,Carro;;;;;;;
372,0,18,1.22117936611176,18.3555555555556,0.175892814993858,0.675864634975893,Carro;;;;;;;
373,0,19,1.27676451206207,19.4526315789474,0.209669262170792,0.65152856270135,Carro;;;;;;;
374,0,17,1.27175855636597,19.7529411764706,0.186775848269463,0.564306543807465,Carro;;;;;;;
375,0,18,0.535274624824524,21.4388888888889,0.164020895957947,0.52981966181516,Carro;;;;;;;
376,0,22,1.2865571975708,23.1727272727273,0.287033766508102,0.474946899616052,Carro;;;;;;;
377,0,16,0.552485406398773,25.01875,0.16011118888855,0.549204777873946,Carro;;;;;;;
378,0,19,1.0796023607254,23.7052631578947,0.222565814852715,0.591152154392955,Carro;;;;;;;
379,0,21,0.927666544914246,26.3904761904762,0.199291527271271,0.711828162718669,Carro;;;;;;;
380,0,23,1.12483692169189,24.0173913043478,0.19255368411541,0.740299456517694,Carro;;;;;;;
381,0,24,1.43686032295227,24.2666666666667,0.198897272348404,0.657888532518071,Carro;;;;;;;
382,0,26,0.995157957077026,25.85,0.185909152030945,0.518383925547852,Carro;;;;;;;
383,0,28,1.34278452396393,24.8178571428571,0.183807849884033,0.412839620391099,Carro;;;;;;;
384,0,23,0.687574923038483,25.1304347826087,0.177030622959137,0.343893832515043,Carro;;;;;;;
385,0,20,0.90127420425415,26.24,0.161234796047211,0.279310379207938,Carro;;;;;;;
386,0,25,0.812480390071869,24.612,0.165216475725174,0.235263435470125,Carro;;;;;;;
387,0,23,0.875366747379303,24.495652173913,0.158395066857338,0.303172028223427,Carro;;;;;;;
388,0,23,0.641779363155365,23.9521739130435,0.144840776920319,0.271317857011037,Carro;;;;;;;
389,0,18,0.442331522703171,25.2944444444444,0.118097439408302,0.138727615569472,Carro;;;;;;;
390,0,27,1.02616751194,20.637037037037,0.19546090066433,0.12677213858194,Carro;;;;;;;
391,0,21,0.893661022186279,24.352380952381,0.175039753317833,0.168872902406108,Carro;;;;;;;
392,0,24,0.828774869441986,23.1833333333333,0.273358136415482,0.13201764818013,Carro;;;;;;;
393,0,28,0.949458539485931,21.6464285714286,0.249710395932198,0.211228794481175,Carro;;;;;;;
394,0,28,1.2090300321579,23.575,0.390557944774628,0.406881149189665,Carro;;;;;;;
395,0,31,1.25785887241364,22.6806451612903,0.369907826185226,0.341756238281595,Carro;;;;;;;
396,0,21,1.19356107711792,27.8142857142857,0.261131435632706,0.182887304788925,Carro;;;;;;;
397,0,25,0.862037003040314,27.2,0.196922168135643,0.252775794762487,Carro;;;;;;;
398,0,28,1.12633991241455,30.2428571428571,0.22425688803196,0.0784495210892769,Carro;;;;;;;
399,0,28,0.839977920055389,27.9642857142857,0.194709479808807,0.142595978557205,Carro;;;;;;;
400,0,22,0.571136176586151,29.0136363636364,0.189893573522568,0.154862070035061,Carro;;;;;;;
401,0,24,1.09786188602448,27.5041666666667,0.149829253554344,0.14857389163555,Carro;;;;;;;
402,0,25,0.483484596014023,27.444,0.167387589812279,0.235347694957431,Carro;;;;;;;
403,0,27,0.743707776069641,25.7407407407407,0.189691916108131,0.265647175671961,Carro;;;;;;;
404,0,25,0.536052405834198,27.54,0.159433245658875,0.249798314552684,Carro;;;;;;;
405,0,27,0.882590174674988,26.9740740740741,0.160043716430664,0.237516978356589,Carro;;;;;;;
406,0,27,0.931374251842499,29.0185185185185,0.164980992674828,0.227227240451206,Carro;;;;;;;
407,0,29,0.714389741420746,29.9310344827586,0.184073761105537,0.342110408749694,Carro;;;;;;;
408,0,28,1.45393979549408,25.5,0.162368282675743,0.494135825985199,Carro;;;;;;;
409,0,29,1.1169261932373,25.5206896551724,0.160371974110603,0.644996052818147,Carro;;;;;;;
410,0,36,1.10865747928619,26.6083333333333,0.221091136336327,0.642720672281434,Carro;;;;;;;
411,0,25,0.56919527053833,27.952,0.196187406778336,0.759413286549268,Carro;;;;;;;
412,0,24,0.846493065357208,27.6125,0.225528329610825,0.664907174499078,Carro;;;;;;;
413,0,27,0.986089646816254,26.5111111111111,0.505553603172302,0.470339941039547,Carro;;;;;;;
414,0,18,0.831045150756836,25.6333333333333,0.17346103489399,0.25867339564519,Carro;;;;;;;
415,0,21,0.875916481018066,29.9619047619048,0.189745396375656,0.465884495811247,Carro;;;;;;;
416,0,23,1.2534886598587,27.895652173913,0.249502569437027,0.578619288869938,Carro;;;;;;;
417,0,24,1.00508689880371,23.7958333333333,0.28121343255043,0.373740510960985,Carro;;;;;;;
418,0,20,1.46565306186676,23.56,0.25313925743103,0.276934569566078,Carro;;;;;;;
419,0,36,1.31789803504944,21.7416666666667,0.340721100568771,0.335219162844384,Carro;;;;;;;
420,0,27,1.06243479251862,23.9296296296296,0.37545907497406,0.433002481406455,Carro;;;;;;;
421,0,21,0.927247285842896,26.5571428571429,0.223911613225937,0.513594224596122,Carro;;;;;;;
422,0,13,0.39734759926796,22.3538461538462,0.164137065410614,0.524406488576787,Carro;;;;;;;
423,0,20,0.542198956012726,24.725,0.190266862511635,0.404058173244944,Carro;;;;;;;
424,0,24,0.473298579454422,27.3583333333333,0.207775771617889,0.239181925994992,Carro;;;;;;;
425,0,23,0.756603896617889,25.1521739130435,0.215629264712334,0.149502322067517,Carro;;;;;;;
426,0,15,1.33652126789093,21.3466666666667,0.163774073123932,0.177534874109435,Carro;;;;;;;
427,0,24,0.859310567378998,22.15,0.191559791564941,0.20344699269837,Carro;;;;;;;
428,0,15,0.603750169277191,21.7533333333333,0.159303769469261,0.129406154621115,Carro;;;;;;;
429,0,15,0.599675834178925,17.9533333333333,0.145068645477295,0.103157938536434,Carro;;;;;;;
430,0,18,0.579390645027161,19.3222222222222,0.176495552062988,0.100863573009539,Carro;;;;;;;
431,0,18,0.63640570640564,20.1555555555556,0.159646227955818,0.150742856496906,Carro;;;;;;;
432,0,17,0.643093168735504,18.1705882352941,0.156624242663383,0.0314927184246319,Carro;;;;;;;
433,0,13,0.483990073204041,18.8,0.136413753032684,0.0610013923531281,Carro;;;;;;;
434,0,16,0.438764750957489,20.86875,0.120177321135998,0.13539487708146,Carro;;;;;;;
435,0,16,0.393062472343445,20.025,0.149317592382431,0.23397402313967,Carro;;;;;;;
436,0,19,0.536702454090118,19.6736842105263,0.172178119421005,0.248673157682562,Carro;;;;;;;
437,0,16,0.65354984998703,17.5,0.200195342302322,0.335660820202247,Carro;;;;;;;
438,0,15,0.594425916671753,17.5333333333333,0.214499294757843,0.3044763989372,Carro;;;;;;;
439,0,8,0.568799197673798,18.2125,0.214559406042099,0.262161023365878,Carro;;;;;;;
440,0,18,1.20522022247314,18.5333333333333,0.254795730113983,0.320348477975299,Carro;;;;;;;
441,0,14,0.532684624195099,19.6428571428571,0.177605077624321,0.29565037252827,Carro;;;;;;;
442,0,12,0.972129642963409,18.75,0.211283504962921,0.261752305642772,Carro;;;;;;;
443,0,11,0.997628629207611,20.3090909090909,0.1524448543787,0.174549294309808,Carro;;;;;;;
444,0,10,0.805107533931732,19.04,0.139633417129517,0.187266534416501,Carro;;;;;;;
445,0,10,0.976062119007111,18.29,0.139633417129517,0.182387436974322,Carro;;;;;;;
446,0,5,0.579010665416718,16.66,0.123145096004009,0.511789092256907,Carro;;;;;;;
447,0,13,0.516753256320953,17.5461538461538,0.194352567195892,0.434533427349205,Carro;;;;;;;
448,0,16,1.0035388469696,18.78125,0.11866557598114,0.0315472916879561,Carro;;;;;;;
449,0,3,0.102909557521343,16.3333333333333,0.169956386089325,0.10723006347545,Carro;;;;;;;
454,0,3,0.0621499270200729,17.3,0.169956386089325,0.136508433241547,Carro;;;;;;;
455,0,5,0.142491593956947,17.22,0.161234781146049,0.0823509922915261,Carro;;;;;;;
456,0,13,0.996412098407745,16.6692307692308,0.173993915319443,0.153514357394709,Carro;;;;;;;
457,0,12,1.01216316223145,17.0916666666667,0.178895100951195,0.209963944621561,Carro;;;;;;;
459,0,3,0.913630604743958,15.2,0.169956386089325,0.427508969323081,Carro;;;;;;;
485,0,7,0.157658010721207,16.4571428571429,0.163774058222771,0.499051881590077,Carro;;;;;;;
486,0,14,1.02054691314697,16.8142857142857,0.198793187737465,0.174782714250689,Carro;;;;;;;
487,0,18,1.12929034233093,18.3666666666667,0.199113830924034,0.233209334756407,Carro;;;;;;;
488,0,20,0.969299077987671,20.64,0.161234796047211,0.330928181227016,Carro;;;;;;;
489,0,17,1.23426735401154,18.1117647058824,0.216039150953293,0.375289548328818,Carro;;;;;;;
490,0,14,1.23702955245972,17.4642857142857,0.299186021089554,0.631944843806487,Carro;;;;;;;
491,0,27,1.32103288173676,19.2740740740741,0.422925382852554,0.726254918147183,Carro;;;;;;;
492,0,15,1.14895594120026,17.0466666666667,0.337781608104706,0.789165143515926,Carro;;;;;;;
493,0,22,1.61185550689697,18.4818181818182,0.620391428470612,0.673673997614045,Carro;;;;;;;
494,0,21,1.25953912734985,18.7952380952381,0.244609028100967,0.726275976262078,Carro;;;;;;;
495,0,24,0.809955656528473,18.4291666666667,0.35171565413475,0.509090167352034,Carro;;;;;;;
496,0,12,0.393443077802658,19.2583333333333,0.359620362520218,0.450006099252649,Carro;;;;;;;
497,0,15,0.869680225849152,19.3133333333333,0.26563572883606,0.428224543407842,Carro;;;;;;;
498,0,32,0.955822110176086,24.09375,0.443040937185287,0.558350965305954,Carro;;;;;;;
499,0,20,0.700721621513367,25.085,0.193829104304314,0.54113157035034,Carro;;;;;;;
500,0,24,1.06459605693817,26.3583333333333,0.196415290236473,0.499407123114787,Carro;;;;;;;
501,0,24,0.719152629375458,25.8083333333333,0.198897272348404,0.524623926692804,Carro;;;;;;;
502,0,16,1.02163875102997,24.43125,0.154077917337418,0.513970540165241,Carro;;;;;;;
503,0,14,0.403110176324844,20.2071428571429,0.149593025445938,0.621196308904392,Carro;;;;;;;
504,0,25,0.707364737987518,21.796,0.20815321803093,0.500678732198906,Carro;;;;;;;
505,0,20,0.437773108482361,24.655,0.175295472145081,0.407961568038069,Carro;;;;;;;
506,0,24,1.51317048072815,22.025,0.182430103421211,0.35616801926626,Carro;;;;;;;
507,0,17,1.17116606235504,22.3,0.187626779079437,0.329690876798837,Carro;;;;;;;
508,0,19,0.359870672225952,23.8421052631579,0.155555978417397,0.284648379646786,Carro;;;;;;;
509,0,18,0.406871557235718,25.5722222222222,0.161629483103752,0.257440179371918,Carro;;;;;;;
510,0,19,0.335659950971603,26.6105263157895,0.165040031075478,0.233542138216763,Carro;;;;;;;
511,0,22,0.364776611328125,27.3090909090909,0.162191674113274,0.212141075845759,Carro;;;;;;;
512,0,16,0.355207771062851,26.74375,0.140920385718346,0.172237379783209,Carro;;;;;;;
513,0,18,0.339638590812683,25.8222222222222,0.123661443591118,0.176778432004638,Carro;;;;;;;
514,0,16,0.799429595470428,24.03125,0.120177321135998,0.139361557033605,Carro;;;;;;;
515,0,12,0.277317076921463,20.65,0.157943934202194,0.319796526910137,Carro;;;;;;;
516,0,13,0.356997311115265,20.1384615384615,0.163288816809654,0.121570806745021,Carro;;;;;;;
517,0,20,0.614343881607056,21.765,0.190266862511635,0.189779726943152,Carro;;;;;;;
518,0,18,0.51785272359848,23.5388888888889,0.17346103489399,0.156777974517,Carro;;;;;;;
519,0,19,0.625222146511078,27.2368421052632,0.18529112637043,0.244534978178976,Carro;;;;;;;
520,0,26,0.790514290332794,25.1153846153846,0.204925820231438,0.375659344702096,Carro;;;;;;;
521,0,27,1.03056621551514,23.4481481481481,0.208153203129768,0.449634095536793,Carro;;;;;;;
522,0,22,1.05267488956451,21.6681818181818,0.214477464556694,0.527529677602485,Carro;;;;;;;
523,0,22,0.750610888004303,22.6909090909091,0.220832899212837,0.537637944547558,Carro;;;;;;;
524,0,21,1.49163031578064,23.6571428571429,0.230719015002251,0.602151889330437,Carro;;;;;;;
525,0,26,1.20672845840454,24.1153846153846,0.162572875618935,0.410384213941281,Carro;;;;;;;
526,0,28,1.45343160629272,24.85,0.199147701263428,0.309842770806296,Carro;;;;;;;
527,0,21,0.51180112361908,30.0285714285714,0.158329427242279,0.336902657944327,Carro;;;;;;;
528,0,21,0.940121233463287,27.1714285714286,0.163458824157715,0.302217415717189,Carro;;;;;;;
529,0,23,0.618893265724182,30.9869565217391,0.203367441892624,0.263392519966593,Carro;;;;;;;
530,0,18,0.608266830444336,29.4388888888889,0.20695935189724,0.23438320053939,Carro;;;;;;;
531,0,20,0.773687899112701,28.43,0.204143211245537,0.279649353339405,Carro;;;;;;;
532,0,19,0.729811072349548,29.6315789473684,0.193649291992188,0.540686627682132,Carro;;;;;;;
533,0,21,0.998299598693848,29.252380952381,0.23492830991745,0.244685513529641,Carro;;;;;;;
534,0,18,0.696205317974091,22.8666666666667,0.200707450509071,0.283648703098907,Carro;;;;;;;
535,0,21,0.445355325937271,23.9904761904762,0.216414496302605,0.259468041201201,Carro;;;;;;;
536,0,19,0.663220286369324,21.7578947368421,0.182882472872734,0.285970222643766,Carro;;;;;;;
537,0,22,0.656891107559204,19.9,0.197518974542618,0.306772074483266,Carro;;;;;;;
538,0,19,0.727292060852051,19,0.205087438225746,0.314891028847362,Carro;;;;;;;
539,0,16,0.600098550319672,18.7625,0.185935333371162,0.269949099554989,Carro;;;;;;;
540,0,12,0.29458674788475,17.4583333333333,0.142080247402191,0.161784076515358,Carro;;;;;;;
541,0,22,0.444086670875549,21.3227272727273,0.225039631128311,0.164487283910904,Carro;;;;;;;
542,0,18,0.77055436372757,18.0611111111111,0.231349363923073,0.290343289540323,Carro;;;;;;;
543,0,17,0.739380955696106,17.7058823529412,0.293831437826157,0.121559175683032,Carro;;;;;;;
544,0,15,0.757438480854034,20,0.232500612735748,0.173042112340048,Carro;;;;;;;
545,0,15,1.32259857654572,19.26,0.2066610455513,0.203334756028622,Carro;;;;;;;
546,0,13,1.07525682449341,20.0769230769231,0.199291527271271,0.338198405504011,Carro;;;;;;;
547,0,19,0.760933697223663,20.4578947368421,0.215332999825478,0.222434085660707,Carro;;;;;;;
548,0,10,0.916698217391968,19.15,0.152013629674911,0.309497023717566,Carro;;;;;;;
549,0,8,0.140329703688622,19.6875,0.122830554842949,0.578940298013576,Carro;;;;;;;
550,0,8,0.078978955745697,17.1125,0.175921574234962,0.529851478218357,Carro;;;;;;;
551,0,4,0.101326696574688,16.525,0.169956386089325,0.500809324849453,Carro;;;;;;;
552,0,5,0.798614263534546,17.1,0.147186547517776,0.186407898297232,Carro;;;;;;;
553,0,19,1.04382026195526,17.3368421052632,0.149746507406235,0.107622076858698,Carro;;;;;;;
554,0,11,0.979194343090057,16.1727272727273,0.212831392884254,0.27868708394166,Carro;;;;;;;
555,0,11,0.355688244104385,15.9454545454545,0.164858490228653,0.472998523764261,Carro;;;;;;;
556,0,6,0.502859055995941,17.7,0.0760068073868752,0.159163571137051,Carro;;;;;;;
557,0,8,0.395530790090561,18.0375,0.183456763625145,0.308194359821165,Carro;;;;;;;
558,0,14,0.403250008821487,17.9,0.17993551492691,0.404804880439763,Carro;;;;;;;
559,0,6,0.390148192644119,16.25,0.0600886568427086,0.49010729888958,Carro;;;;;;;
560,0,5,0.473875939846039,15.46,0.161234781146049,0.360240626468957,Carro;;;;;;;
562,0,3,0.0450868681073189,15.3333333333333,0.169956386089325,0.435551288965226,Carro;;;;;;;
564,0,8,0.141207903623581,17.9875,0.191706106066704,0.400717381916121,Carro;;;;;;;
565,0,5,0.0722146108746529,17.26,0.197471469640732,0.217657865983635,Carro;;;;;;;
570,0,9,0.360693782567978,16.5444444444444,0.127467289566994,0.250745379749166,Carro;;;;;;;
571,0,9,0.435873538255692,18.0333333333333,0.164559558033943,0.128468248989444,Carro;;;;;;;
572,0,12,1.43250346183777,17.1,0.167524844408035,0.186843668454399,Carro;;;;;;;
573,0,12,1.35354447364807,16.7,0.157943949103355,0.357716279615201,Carro;;;;;;;
575,0,4,0.00103592872619629,15.825,0.190017014741898,0.533839097465128,Carro;;;;;;;
576,0,8,0.0718549266457558,18.5,0.175921574234962,0.48835629706754,Carro;;;;;;;
578,0,5,0.072765626013279,17.56,0.147186547517776,0.487222786275811,Carro;;;;;;;
579,0,9,0.141080379486084,18.2333333333333,0.180265977978706,0.336350838527385,Carro;;;;;;;
580,0,4,0.133982419967651,17.775,0.147186547517776,0.305328513353784,Carro;;;;;;;
582,0,9,0.207390367984772,17.6,0.127467289566994,0.420701011455247,Carro;;;;;;;
583,0,7,0.10802984982729,17.5714285714286,0.163774073123932,0.0676777309167275,Carro;;;;;;;
584,0,15,0.485726922750473,17.4666666666667,0.174744829535484,0.375323086998131,Carro;;;;;;;
586,0,8,0.353384166955948,17.1,0.175921574234962,0.0383143321220843,Carro;;;;;;;
588,0,7,0.40740180015564,17.1571428571429,0.178829565644264,0.132850423615784,Carro;;;;;;;
589,0,3,0.304335862398148,16.4666666666667,0,0.303462529949391,Carro;;;;;;;
90,0,6,0.335212975740433,18.0666666666667,0.462331354618073,1.42395531873427,Pessoa;;;;;;;
92,0,9,0.218767926096916,17.9111111111111,0.115061022341251,1.24078157108763,Pessoa;;;;;;;
93,0,9,0.211066320538521,19.2555555555556,0.115061037242413,1.15737229251609,Pessoa;;;;;;;
94,0,4,0.0731326192617416,19.825,0.0849781781435013,1.21105511091273,Pessoa;;;;;;;
95,0,5,0.160113960504532,17.8,0.0806173756718636,1.26928036131099,Pessoa;;;;;;;
96,0,6,0.0789681598544121,16.45,0.17206771671772,1.21317418270958,Pessoa;;;;;;;
97,0,10,0.353829711675644,17.57,0.260075837373734,1.07938546049378,Pessoa;;;;;;;
99,0,4,0.596634924411774,16.075,0.140920385718346,1.08818360971107,Pessoa;;;;;;;
100,0,4,0.296592384576797,17.075,0.0849781781435013,1.07906985656743,Pessoa;;;;;;;
102,0,3,0.298952877521515,16.0333333333333,0.0849781706929207,1.06245644571826,Pessoa;;;;;;;
103,0,4,0.0800990909337997,15.725,0.0849782079458237,1.07310599638401,Pessoa;;;;;;;
105,0,5,0.336484789848328,18.94,0.0806174054741859,1.13678140270144,Pessoa;;;;;;;
111,0,4,0.328660190105438,17.55,0.0849781930446625,0.160912149825151,Pessoa;;;;;;;
114,0,4,0.298983424901962,17.85,0.0849781930446625,0.691830606922015,Pessoa;;;;;;;
117,0,6,0.300553858280182,17.7166666666667,0.110798016190529,1.39593135072713,Pessoa;;;;;;;
119,0,6,0.313695877790451,18.0166666666667,0.161234781146049,1.90525244486358,Pessoa;;;;;;;
120,0,11,0.257637798786163,18.5636363636364,0.191393971443176,1.8875831765667,Pessoa;;;;;;;
121,0,5,0.267191112041473,19.24,0.123145088553429,1.89318376001697,Pessoa;;;;;;;
122,0,7,0.140642061829567,20.1285714285714,0.111262559890747,1.8004989871254,Pessoa;;;;;;;
123,0,7,0.120214536786079,18.9142857142857,0.111262582242489,1.74031771878157,Pessoa;;;;;;;
124,0,3,0.222811236977577,17.8333333333333,0.169956371188164,1.6148039642821,Pessoa;;;;;;;
125,0,7,0.29924276471138,20.4857142857143,0.111262567341328,1.48177553111902,Pessoa;;;;;;;
126,0,10,0.219062939286232,20.75,0.139633417129517,1.29360090551426,Pessoa;;;;;;;
128,0,10,0.308757603168488,20.24,0.120177298784256,1.08702554343935,Pessoa;;;;;;;
129,0,13,0.369382113218307,21.7076923076923,0.16071717441082,1.07872887228192,Pessoa;;;;;;;
130,0,4,0.250936448574066,16.875,0.147186547517776,1.08830000350848,Pessoa;;;;;;;
131,0,14,0.675967276096344,20.9642857142857,0.113382048904896,1.36475046799365,Pessoa;;;;;;;
132,0,10,0.439160615205765,19.4,0.142195716500282,1.48198887147231,Pessoa;;;;;;;
133,0,13,0.414703816175461,21.0384615384615,0.11784353852272,1.48343921184631,Pessoa;;;;;;;
134,0,11,0.621157884597778,18.4818181818182,0.184050068259239,1.6486261805242,Pessoa;;;;;;;
135,0,14,0.824120223522186,18.8642857142857,0.161824300885201,1.72803187577206,Pessoa;;;;;;;
136,0,13,0.671261668205261,19.0153846153846,0.248870402574539,1.83212932064484,Pessoa;;;;;;;
137,0,8,0.39150196313858,20.2,0.122830554842949,2.01845181656683,Pessoa;;;;;;;
138,0,18,0.841185688972473,22.8277777777778,0.123661443591118,1.77322425360129,Pessoa;;;;;;;
139,0,22,0.863360345363617,20.0727272727273,0.147504791617393,1.535418971723,Pessoa;;;;;;;
140,0,11,0.514363586902618,20.3,0.103126108646393,1.52283890983505,Pessoa;;;;;;;
141,0,14,0.607589364051819,17.1928571428571,0.127233609557152,1.78772202950441,Pessoa;;;;;;;
142,0,14,0.489590793848038,18.3714285714286,0.115462638437748,1.77845008050248,Pessoa;;;;;;;
143,0,21,0.716685891151428,19.5571428571429,0.144355788826942,1.82255524345442,Pessoa;;;;;;;
144,0,15,0.882881283760071,18.5266666666667,0.174153476953506,2.02446755853457,Pessoa;;;;;;;
145,0,18,0.749100387096405,18.4388888888889,0.134888201951981,1.91748090095527,Pessoa;;;;;;;
146,0,12,0.388982683420181,21.8833333333333,0.157943919301033,1.65501272074394,Pessoa;;;;;;;
147,0,19,0.732180595397949,22.4684210526316,0.186653614044189,1.51583264218565,Pessoa;;;;;;;
148,0,10,0.462459295988083,17.85,0.108603775501251,1.36886879651778,Pessoa;;;;;;;
149,0,13,0.50785630941391,18.9769230769231,0.136413767933846,1.14898382056829,Pessoa;;;;;;;
150,0,13,0.604010820388794,21.3384615384615,0.132279068231583,1.272089871407,Pessoa;;;;;;;
151,0,18,0.570309638977051,19.6444444444444,0.281715154647827,1.37607050633429,Pessoa;;;;;;;
152,0,12,0.604111552238464,18.5833333333333,0.159494966268539,1.56557916421861,Pessoa;;;;;;;
153,0,14,0.378547728061676,20.55,0.170422658324242,1.439853657628,Pessoa;;;;;;;
154,0,15,0.857071280479431,17.5666666666667,0.186177894473076,1.61172484876436,Pessoa;;;;;;;
155,0,12,0.663964688777924,19.5666666666667,0.230240866541862,1.69941241731512,Pessoa;;;;;;;
156,0,10,0.379591345787048,18.87,0.152013599872589,1.72445093079954,Pessoa;;;;;;;
158,0,13,0.552005112171173,19.6153846153846,0.142390891909599,1.52335664970953,Pessoa;;;;;;;
159,0,13,0.610074818134308,18.7615384615385,0.111796200275421,1.51906366175357,Pessoa;;;;;;;
160,0,7,0.278435409069061,18.9,0.111262567341328,1.48602789114652,Pessoa;;;;;;;
161,0,8,0.19011302292347,18.475,0.104076601564884,1.59357193733101,Pessoa;;;;;;;
162,0,7,0.459787458181381,16.3857142857143,0.132428959012032,1.48779584087466,Pessoa;;;;;;;
163,0,6,0.636921167373657,17.0166666666667,0.076006792485714,1.56773979650278,Pessoa;;;;;;;
165,0,4,0.488665997982025,16.65,0.120177313685417,1.62151639182062,Pessoa;;;;;;;
166,0,9,0.848300755023956,17.8777777777778,0.252563029527664,1.56858239192752,Pessoa;;;;;;;
167,0,4,0.0508741550147533,16.325,0.0849781781435013,1.49887928694075,Pessoa;;;;;;;
168,0,13,0.518867254257202,20.2923076923077,0.241507411003113,1.27269360953579,Pessoa;;;;;;;
169,0,6,0.34598895907402,17.35,0.0760068073868752,1.17734412305964,Pessoa;;;;;;;
170,0,7,0.162696301937103,18.9857142857143,0.111262567341328,1.0259616296508,Pessoa;;;;;;;
172,0,6,0.498422652482986,18.7166666666667,0.332394033670425,1.10303773196605,Pessoa;;;;;;;
176,0,3,0.0700454562902451,16.3,0.0849781781435013,0.944649517755847,Pessoa;;;;;;;
177,0,5,0.13097095489502,17,0.104076609015465,1.12367105040634,Pessoa;;;;;;;
178,0,9,0.532623052597046,17.0555555555556,0.194709494709969,0.984659209737884,Pessoa;;;;;;;
179,0,7,0.154435351490974,16.7571428571429,0.143639355897903,0.955702213914076,Pessoa;;;;;;;
180,0,7,0.169323772192001,19.9,0.111262567341328,0.791722086021596,Pessoa;;;;;;;
182,0,6,0.516432702541351,17.15,0.120177313685417,0.59627566695148,Pessoa;;;;;;;
183,0,3,0.34516242146492,17.2333333333333,0.0849781930446625,0.509640787256171,Pessoa;;;;;;;
197,0,3,0.268618792295456,16.7333333333333,0.0849782451987267,1.89933157303553,Pessoa;;;;;;;
198,0,5,0.340036451816559,15.92,0.123145133256912,2.45133652902685,Pessoa;;;;;;;
203,0,4,0.0702182352542877,19.8,0.0849782451987267,3.03871960118252,Pessoa;;;;;;;
204,0,4,0.227052748203278,23.05,0.0735932514071465,3.25155344193482,Pessoa;;;;;;;
205,0,6,0.21044559776783,20.45,0.131647631525993,3.53132253068822,Pessoa;;;;;;;
206,0,3,0.166431069374084,20.4,0.0849781706929207,3.80914506006673,Pessoa;;;;;;;
207,0,7,0.66218775510788,21.1285714285714,0.515903294086456,3.54848480128584,Pessoa;;;;;;;
208,0,7,0.435064554214478,20.8,0.0786745175719261,3.7495583023814,Pessoa;;;;;;;
209,0,7,0.66863489151001,19.7285714285714,0.132428929209709,3.3334277324762,Pessoa;;;;;;;
210,0,12,0.930609583854675,22.6083333333333,0.580181658267975,4.11714638408653,Pessoa;;;;;;;
211,0,9,0.213368088006973,23.4666666666667,0.104076631367207,4.5161824643693,Pessoa;;;;;;;
212,0,12,0.371222734451294,21.5416666666667,0.269943356513977,4.56189804040506,Pessoa;;;;;;;
213,0,8,0.384140014648438,22.85,0.111262552440166,4.58841373094869,Pessoa;;;;;;;
214,0,7,0.371129304170609,20.1142857142857,0.111262552440166,4.591370019525,Pessoa;;;;;;;
215,0,3,0.224708870053291,18.5666666666667,0.0849781706929207,4.62336671806138,Pessoa;;;;;;;
216,0,12,0.430016130208969,19.725,0.910208404064178,4.60696829958477,Pessoa;;;;;;;
217,0,4,0.306770235300064,18.575,0.140920415520668,4.47410018451495,Pessoa;;;;;;;
218,0,4,0.2934789955616,17.775,0.0735932514071465,4.16564156658931,Pessoa;;;;;;;
284,2,18,0.508581459522247,21.9833333333333,0.153312116861343,1.70006067612437,Pessoa;;;;;;;
285,2,10,0.724335670471191,21.96,0.319469809532166,1.80724691095851,Pessoa;;;;;;;
288,2,3,0.0703548565506935,17.6666666666667,0.0849781706929207,2.56778963842489,Pessoa;;;;;;;
291,3,15,0.603518128395081,20.4066666666667,0.17116604745388,0.598165112640383,Pessoa;;;;;;;
292,3,5,0.312747031450272,17.48,0.123145125806332,1.41293176582376,Pessoa;;;;;;;
296,3,4,0.0703210458159447,17.075,0.0849782079458237,2.96422275397345,Pessoa;;;;;;;
299,3,7,0.325095355510712,20.6,0.111262567341328,2.35331367830591,Pessoa;;;;;;;
300,3,10,0.210653707385063,20.65,0.116102322936058,1.83115636643072,Pessoa;;;;;;;
301,3,8,0.472910165786743,19.725,0.122830554842949,1.24718312084426,Pessoa;;;;;;;
302,3,6,0.270971894264221,19.2833333333333,0.110798001289368,1.15399688485834,Pessoa;;;;;;;
304,3,12,0.597574830055237,18.65,0.171876847743988,0.853141014045417,Pessoa;;;;;;;
305,3,4,0.287572234869003,17.25,0.140920385718346,0.972748031248513,Pessoa;;;;;;;
306,3,7,0.261835336685181,18.3,0.163774073123932,1.02598571854441,Pessoa;;;;;;;
307,3,8,0.295576483011246,18.9125,0.175921574234962,1.12681391756812,Pessoa;;;;;;;
308,3,9,0.210652858018875,18.7555555555556,0.115061022341251,1.26617882198683,Pessoa;;;;;;;
309,3,6,0.273639291524887,18.7166666666667,0.110798016190529,1.55036782108963,Pessoa;;;;;;;
310,3,12,0.561205863952637,17.6916666666667,0.144939303398132,1.73765780126789,Pessoa;;;;;;;
311,3,7,0.528140962123871,17.2857142857143,0.132428959012032,1.61293930600267,Pessoa;;;;;;;
312,3,6,0.44930300116539,18.3666666666667,0.144712641835213,1.63685322162608,Pessoa;;;;;;;
313,3,8,0.111791126430035,17.4125,0.136268258094788,1.6121114797616,Pessoa;;;;;;;
315,3,10,0.360350251197815,20.07,0.128875821828842,1.3213556799217,Pessoa;;;;;;;
316,3,8,0.3156658411026,17.6875,0.207221880555153,1.0422460973683,Pessoa;;;;;;;
317,3,12,0.341466337442398,18.8333333333333,0.142080247402191,0.920139660497026,Pessoa;;;;;;;
318,3,13,0.332730114459991,20.4,0.136413767933846,1.10241010681369,Pessoa;;;;;;;
319,3,10,0.467483460903168,17.84,0.176214531064034,1.24440383272071,Pessoa;;;;;;;
320,3,10,0.358168959617615,18.41,0.196861043572426,1.14140552051851,Pessoa;;;;;;;
321,3,4,0.240347966551781,21.925,0.0735932737588882,1.32548935922583,Pessoa;;;;;;;
322,3,5,0.432909101247787,22.4,0.147186547517776,1.29592004995405,Pessoa;;;;;;;
324,3,3,0.35519540309906,18.9666666666667,0.169956341385841,1.72137640241746,Pessoa;;;;;;;
327,3,6,0.265517801046371,18.7333333333333,0.0806173756718636,2.27078294954365,Pessoa;;;;;;;
375,4,12,0.542914509773254,21.6833333333333,0.167524844408035,1.64942615739911,Pessoa;;;;;;;
376,4,10,0.382619023323059,24.17,0.102913677692413,1.74172236356317,Pessoa;;;;;;;
383,5,25,0.753801345825195,25.024,0.529803395271301,1.1711405100183,Pessoa;;;;;;;
384,5,23,0.867948234081268,27.5869565217391,0.415379792451859,1.18442636976791,Pessoa;;;;;;;
386,5,22,0.7170769572258,28.7454545454545,0.546790838241577,1.65748886569554,Pessoa;;;;;;;
387,5,27,0.918511688709259,28.1814814814815,0.826624095439911,1.38918498507996,Pessoa;;;;;;;
388,5,35,0.818126082420349,26.4485714285714,0.363699167966843,1.52411635510147,Pessoa;;;;;;;
389,5,20,0.631425976753235,32.205,1.01007676124573,1.47827159510572,Pessoa;;;;;;;
390,5,22,0.858812093734741,25.6318181818182,1.24636363983154,1.86520266155697,Pessoa;;;;;;;
390,6,14,1.62512826919556,22.1928571428571,0.307814389467239,1.51244463447141,Pessoa;;;;;;;
391,5,31,0.656724095344543,27.0967741935484,1.39049983024597,2.65388591776368,Pessoa;;;;;;;
392,5,36,0.835929155349731,26.225,0.541083931922913,3.17495481584503,Pessoa;;;;;;;
393,5,23,0.751777291297913,28.0260869565217,0.207947418093681,3.53973751181235,Pessoa;;;;;;;
394,5,10,0.402861207723618,29.18,0.515736639499664,3.7055030664874,Pessoa;;;;;;;
395,6,3,0.0758543163537979,16.7666666666667,0.0849782451987267,1.14801018075379,Pessoa;;;;;;;
395,7,16,0.511401057243347,21.01875,0.639316320419312,0.841275062190708,Pessoa;;;;;;;
396,6,12,1.19809508323669,23.0333333333333,0.159494996070862,1.73115392535646,Pessoa;;;;;;;
396,7,27,0.963100552558899,21.3592592592593,0.343255490064621,0.660903724478721,Pessoa;;;;;;;
397,6,9,0.416493862867355,18.7888888888889,0.143039613962173,1.79210016800932,Pessoa;;;;;;;
397,7,25,1.41396713256836,21.316,0.345496654510498,0.581253497735306,Pessoa;;;;;;;
398,7,26,0.921929001808167,19.1846153846154,0.311588674783707,0.46094357514972,Pessoa;;;;;;;
399,7,22,1.14099061489105,19.5681818181818,0.550082623958588,0.339765616616297,Pessoa;;;;;;;
400,7,21,1.06452894210815,19.0333333333333,0.529813170433044,0.315391099224336,Pessoa;;;;;;;
401,7,17,0.72268408536911,20.2882352941176,0.563446044921875,0.14587365011413,Pessoa;;;;;;;
402,7,13,0.6040980219841,18.2307692307692,0.168314263224602,0.23849335848825,Pessoa;;;;;;;
403,7,8,0.0949356779456139,18.3125,0.175921574234962,0.199013003230014,Pessoa;;;;;;;
405,7,7,0.963559329509735,16.6428571428571,0.0786745175719261,0.275513791839144,Pessoa;;;;;;;
406,7,4,0.142369508743286,17.325,0.147186547517776,0.0842502332744198,Pessoa;;;;;;;
409,7,5,1.08253252506256,15.92,0.16781847178936,0.384369178305774,Pessoa;;;;;;;
410,7,3,0.00395059585571289,15.8666666666667,0.147186547517776,0.413015697087829,Pessoa;;;;;;;
413,7,3,0.00327503681182861,15.9666666666667,0.147186547517776,0.434131113653495,Pessoa;;;;;;;
414,7,9,1.17585945129395,17.3666666666667,0.149216800928116,0.259983137458953,Pessoa;;;;;;;
416,7,4,0.131963178515434,16.525,0.147186547517776,0.142242561865705,Pessoa;;;;;;;
90,0,15,0.601529538631439,23.3066666666667,0.165029048919678,0.65396506170895,Pessoa
91,0,16,0.285761207342148,23.60625,0.197242796421051,0.635190353947113,Pessoa
92,0,10,0.817505478858948,19.21,0.228020414710045,0.694387021000615,Pessoa
93,0,15,0.676151871681213,19.3466666666667,0.264857888221741,0.738553633931163,Pessoa
94,0,11,0.540381789207458,19.5272727272727,0.250256508588791,0.810627038062283,Pessoa
95,0,7,0.254026234149933,19.6142857142857,0.11126259714365,0.8836519384604,Pessoa
96,0,8,0.255516737699509,17.4875,0.122830547392368,0.875283328101937,Pessoa
97,0,16,0.426828891038895,22.175,0.175958216190338,0.807064011117973,Pessoa
98,0,9,0.558626651763916,19.8,0.298433601856232,0.81206279422296,Pessoa
99,0,15,0.471410900354385,22.6266666666667,0.117573879659176,0.647483779968186,Pessoa
100,0,17,0.45741081237793,19.5823529411765,0.138257667422295,0.57720645406102,Pessoa
101,0,14,0.391898155212402,19.45,0.160717159509659,0.564072168097889,Pessoa
102,0,8,0.575456440448761,18.3,0.192712441086769,0.566724825632749,Pessoa
103,0,14,0.380753368139267,20.25,0.224919393658638,0.652392045050331,Pessoa
104,0,10,0.336705774068832,22.06,0.15201361477375,0.670979211326496,Pessoa
106,0,10,0.265965789556503,18.06,0.120177291333675,1.0307005391851,Pessoa
107,0,9,0.371483445167542,17.3111111111111,0.147186532616615,1.11448055223828,Pessoa
108,0,7,0.28810316324234,19.0857142857143,0.11126259714365,1.08102299640087,Pessoa
109,0,6,0.248375728726387,18.3333333333333,0.131647676229477,1.06523715352295,Pessoa
111,0,10,0.248949706554413,17.79,0.158979624509811,1.68742576701678,Pessoa
112,0,5,0.210962638258934,17.34,0.123145096004009,1.65844282878944,Pessoa
113,0,4,0.229235291481018,17,0.0849782079458237,1.51028971123597,Pessoa
114,0,4,0.289917856454849,17.8,0.0849782079458237,1.41044071405321,Pessoa
115,0,4,0.0698034167289734,19.375,0.0849782079458237,1.22331509140507,Pessoa
116,0,6,0.344320923089981,16.9166666666667,0.0760068148374557,1.10733581256983,Pessoa
117,0,3,0.140642195940018,17.6333333333333,0,1.08922766135987,Pessoa
118,0,7,0.329110950231552,17.6285714285714,0.0786745026707649,0.976991494765902,Pessoa
120,0,4,0.0703209713101387,19.625,0.0849782004952431,0.876094817935017,Pessoa
123,0,12,0.43252632021904,18,0.146627962589264,0.746067023967438,Pessoa
129,0,3,0.0905174240469933,16.3333333333333,0.0849781930446625,0.936244920981977,Pessoa
130,0,3,0.263278901576996,17.3666666666667,0.147186547517776,1.11232848263554,Pessoa
131,0,5,0.640927135944366,18.6,0.191907778382301,1.35375236138372,Pessoa
132,0,7,0.468474835157394,20.9428571428571,0.111262574791908,1.5703940224675,Pessoa
133,0,8,0.600201845169067,18.375,0.104076601564884,1.64173886142203,Pessoa
134,0,4,0.294625133275986,18.2,0.185205683112144,1.71509560761213,Pessoa
135,0,14,0.514043092727661,20.3214285714286,0.148394659161568,1.70984907801235,Pessoa
136,0,12,0.312924236059189,19.8,0.202963516116142,1.66544290191202,Pessoa
137,0,11,0.461458086967468,18.9090909090909,0.144485637545586,1.7222419489365,Pessoa
138,0,12,0.471251636743546,20.7916666666667,0.12552110850811,1.65253625190051,Pessoa
139,0,11,0.897860109806061,18.9272727272727,0.122342847287655,1.6115943225753,Pessoa
140,0,6,0.388619542121887,18.2,0.120177313685417,1.61197910736085,Pessoa
141,0,9,0.597705900669098,21.2333333333333,0.115061022341251,1.55411400806699,Pessoa
142,0,13,0.4934923350811,21.5076923076923,0.211462706327438,1.51799709500283,Pessoa
143,0,14,0.525787711143494,20.0214285714286,0.136704310774803,1.37626719882749,Pessoa
144,0,14,0.430472701787949,20.4857142857143,0.106897607445717,1.29272420627898,Pessoa
145,0,14,0.547906637191772,23.4928571428571,0.143501192331314,1.25635771733755,Pessoa
146,0,11,0.566439986228943,21.7545454545455,0.110501378774643,1.14297689124027,Pessoa
147,0,13,0.50294440984726,21.1692307692308,0.184077501296997,1.24373747063738,Pessoa
148,0,10,0.537761688232422,20.48,0.279266834259033,1.23650386815666,Pessoa
149,0,5,0.266922295093536,20.5,0.241852194070816,1.18355152423575,Pessoa
150,0,13,0.549170434474945,22.0923076923077,0.185580238699913,1.18395765741044,Pessoa
151,0,14,0.526161253452301,21.5142857142857,0.160346448421478,1.20232457040542,Pessoa
152,0,10,0.511468589305878,21.15,0.158979639410973,1.06737403392478,Pessoa
153,0,4,0.169347271323204,20.55,0.0849782079458237,1.06119449629094,Pessoa
154,0,14,0.654127478599548,21.2714285714286,0.333965986967087,0.973634575638024,Pessoa
155,0,21,0.558936595916748,22.3809523809524,0.211350083351135,0.84765115766862,Pessoa
156,0,18,0.467843264341354,22.55,0.153542816638947,0.848943167505952,Pessoa
157,0,15,0.404875487089157,23.02,0.159303769469261,0.897679785601349,Pessoa
158,0,13,0.651849806308746,21.6923076923077,0.164980992674828,0.868970862046416,Pessoa
159,0,15,0.552481353282928,23.1866666666667,0.191638797521591,0.690913783594252,Pessoa
160,0,15,0.439741969108582,21.9,0.145778015255928,0.643470891873335,Pessoa
161,0,18,0.447983682155609,22.5166666666667,0.147666767239571,0.606588672364846,Pessoa
162,0,16,0.415190577507019,22.79375,0.150821328163147,0.630730558708812,Pessoa
163,0,18,0.432363837957382,23.9722222222222,0.163372159004211,0.602258386726855,Pessoa
164,0,16,0.671567320823669,21.14375,0.16011118888855,0.505397499631392,Pessoa
165,0,16,0.487812548875809,20.18125,0.185935333371162,0.435389955681326,Pessoa
166,0,12,0.282433032989502,19.05,0.157943919301033,0.37920223366448,Pessoa
167,0,16,0.449453383684158,23.04375,0.152013629674911,0.30202576321968,Pessoa
168,0,16,0.353631943464279,23.08125,0.154077917337418,0.283467783978711,Pessoa
169,0,17,0.541522324085236,22.9235294117647,0.631939947605133,0.474994092923495,Pessoa
170,0,20,0.493485957384109,24.51,0.193976119160652,0.49751698772743,Pessoa
171,0,25,0.754370868206024,24.78,0.704704463481903,0.577265457736547,Pessoa
172,0,6,0.688535392284393,18.0333333333333,0.110798001289368,0.696006056618618,Pessoa
173,0,15,0.507005572319031,23.9333333333333,0.260933846235275,0.676341534470456,Pessoa
174,0,19,0.616730153560638,21.9684210526316,0.173278316855431,0.709781249854949,Pessoa
175,0,21,0.66202187538147,22.0333333333333,0.17796216905117,0.705968473424176,Pessoa
176,0,11,0.572730123996735,26.1,0.17187687754631,0.805221639429041,Pessoa
177,0,16,0.57938539981842,24.325,0.378963679075241,0.839152061027871,Pessoa
178,0,13,0.375314295291901,26.2384615384615,0.327002555131912,0.79665596639859,Pessoa
179,0,14,0.398975402116776,28.9714285714286,0.258182287216187,0.778689127076626,Pessoa
180,0,28,0.680179715156555,23.5107142857143,0.186285614967346,0.801239742811547,Pessoa
181,0,18,0.569855213165283,26.5555555555556,0.301031827926636,0.828966480076618,Pessoa
182,0,22,0.579398214817047,26.2,0.552591621875763,0.855203508573236,Pessoa
183,0,22,0.666738450527191,25.8272727272727,0.830498158931732,0.758002960731496,Pessoa
184,0,16,0.732059836387634,26.73125,0.65714031457901,0.759287487573836,Pessoa
185,0,19,0.54711925983429,25.9947368421053,0.223984330892563,0.817107635095654,Pessoa
186,0,28,0.829657673835754,24.5107142857143,0.634655654430389,0.92318627798574,Pessoa
187,0,20,1.18054533004761,23.345,0.31998485326767,0.901991950740218,Pessoa
188,0,31,1.31581485271454,21.2838709677419,0.382599800825119,0.960082123508349,Pessoa
189,0,23,0.9120854139328,27.6173913043478,0.682946383953094,1.02143391394454,Pessoa
190,0,26,0.671562075614929,21.6961538461538,0.391595393419266,0.85856422204039,Pessoa
191,0,18,0.735114395618439,28.8833333333333,0.605814754962921,1.00802460107471,Pessoa
192,0,34,0.663071513175964,25.65,0.614799857139587,1.05190712357581,Pessoa
193,0,30,0.710698485374451,24.0933333333333,0.175435602664948,1.11592415584606,Pessoa
194,0,23,0.597299695014954,24.6869565217391,0.192775875329971,1.06877276491399,Pessoa
195,0,29,0.724828898906708,24.6551724137931,0.39071860909462,0.939975481542843,Pessoa
196,0,23,0.568331301212311,28.3956521739131,0.308158129453659,0.733906856579087,Pessoa
197,0,32,0.741148591041565,26.315625,0.274725615978241,0.859868971998713,Pessoa
198,0,28,1.13964307308197,28.1142857142857,0.195956438779831,0.774992505675728,Pessoa
199,0,34,0.646321892738342,27.2058823529412,0.318353831768036,0.778605322520009,Pessoa
200,0,33,0.695068120956421,24.6272727272727,0.309921711683273,0.853370329125503,Pessoa
201,0,31,0.665651559829712,23.8193548387097,0.154596731066704,0.965203757800104,Pessoa
202,0,41,0.873167872428894,21.8878048780488,0.249328628182411,0.991473014866834,Pessoa
203,0,29,0.457519471645355,26.8241379310345,0.243588894605637,1.01606772285977,Pessoa
204,0,15,0.527408719062805,21.2933333333333,0.325336009263992,0.946956821200294,Pessoa
205,0,29,0.774536073207855,22.2655172413793,0.263072311878204,0.830256840533179,Pessoa
206,0,22,0.426196992397308,25.2045454545455,0.319210350513458,0.72697805533338,Pessoa
207,0,22,0.63597559928894,19.3272727272727,0.160885408520699,0.534855866528299,Pessoa
208,0,28,0.633930623531342,21.1428571428571,0.198210179805756,0.578485955757832,Pessoa
209,0,26,0.645857095718384,21.2576923076923,0.277651011943817,0.56695286145822,Pessoa
210,0,15,0.542669713497162,22.8,0.325336009263992,0.52422246582064,Pessoa
211,0,13,0.253525227308273,22.0230769230769,0.142390891909599,0.530947554477948,Pessoa
212,0,15,0.492322355508804,22.9933333333333,0.232500612735748,0.298707113395896,Pessoa
213,0,12,0.404830783605576,25.7166666666667,0.227371707558632,0.149972620354518,Pessoa
214,0,21,0.525939106941223,25.2571428571429,0.199032545089722,0.190608714730246,Pessoa
215,0,21,0.680700480937958,21.8714285714286,0.272536516189575,0.39770090763627,Pessoa
216,0,16,0.47177991271019,22.2125,0.169956386089325,0.691230621541947,Pessoa
217,0,17,0.363910883665085,25.9470588235294,0.160640940070152,0.881657362794395,Pessoa
218,0,15,0.515357375144958,22.6666666666667,0.221596032381058,1.1242444084867,Pessoa
219,0,25,0.92455393075943,24.54,0.237787142395973,1.23376579918584,Pessoa
220,0,23,0.664452254772186,23.9347826086957,0.190766602754593,1.15190794823907,Pessoa
221,0,24,0.354492336511612,25.1125,0.173159062862396,0.969456016280054,Pessoa
222,0,32,0.906641244888306,23.128125,0.346918523311615,0.834027020267093,Pessoa
223,0,29,0.617440104484558,24.7068965517241,0.198978900909424,0.835217803019241,Pessoa
224,0,19,0.350626468658447,24.7263157894737,0.251935243606567,0.809453245303774,Pessoa
225,0,31,0.985191345214844,25.5645161290323,0.362079262733459,0.752708961954616,Pessoa
226,0,22,0.813722550868988,24.1045454545455,0.211726933717728,0.778757536459325,Pessoa
227,0,35,0.870745897293091,23.02,0.189569398760796,1.05889933387034,Pessoa
228,0,31,0.59603214263916,27.6677419354839,0.28561744093895,0.943205737390785,Pessoa
229,0,31,0.813272893428802,26.6258064516129,0.323335260152817,1.19380016778738,Pessoa
230,0,23,0.684615612030029,22.7,0.257275015115738,1.35258990841693,Pessoa
231,0,30,0.957380414009094,27.27,0.185977146029472,1.64182120652537,Pessoa
232,0,30,0.660492718219757,24.2466666666667,0.190932109951973,1.61410739091193,Pessoa
233,0,23,0.520376443862915,21.5217391304348,0.185532867908478,1.49004458609064,Pessoa
234,0,28,0.760461926460266,26.2857142857143,0.20760178565979,1.44720312356453,Pessoa
235,0,19,0.746787846088409,24.4263157894737,0.161940410733223,1.34218079643586,Pessoa
236,0,33,0.593817234039307,24.830303030303,0.207363232970238,1.12226880752252,Pessoa
237,0,26,0.515768647193909,25.5192307692308,0.17700083553791,0.944984694818038,Pessoa
238,0,27,0.745858073234558,26.3703703703704,0.158103719353676,0.861073549296855,Pessoa
239,0,23,0.459313958883286,26.4217391304348,0.168607503175735,0.907219170860967,Pessoa
240,0,29,0.644390165805817,26.5862068965517,0.230302289128304,1.09901988151716,Pessoa
241,0,29,0.699712514877319,23.9241379310345,0.194366648793221,1.26180609500095,Pessoa
242,0,19,0.51400625705719,20.5315789473684,0.165040016174316,1.29054346077269,Pessoa
243,0,22,0.495531916618347,26.0772727272727,0.151890158653259,1.17212629813805,Pessoa
244,0,25,0.92629998922348,23.224,0.185205683112144,1.11506419119806,Pessoa
245,0,23,0.727778494358063,23.7434782608696,0.158934757113457,1.18650526069315,Pessoa
246,0,11,0.34251481294632,21.7090909090909,0.110501356422901,1.10898329231266,Pessoa
247,0,21,0.362189769744873,24.4619047619048,0.282754361629486,0.951436289205193,Pessoa
248,0,23,0.622077167034149,21.8086956521739,0.171627581119537,0.804945103900015,Pessoa
249,0,23,0.555871069431305,21.1347826086957,0.139111205935478,0.690075716652773,Pessoa
250,0,17,0.378496021032333,21.4058823529412,0.179380133748055,0.657571889589749,Pessoa
251,0,24,0.541775941848755,22.1541666666667,0.198798581957817,0.629326295150483,Pessoa
252,0,18,0.345734447240829,23.9277777777778,0.228888124227524,0.751260121470783,Pessoa
253,0,8,0.597124218940735,19.2125,0.136268272995949,0.80546816455671,Pessoa
254,0,13,0.398800373077393,21.4307692307692,0.117843553423882,0.732228110915223,Pessoa
255,0,13,0.455931633710861,20.9230769230769,0.178718596696854,0.650184250653976,Pessoa
256,0,18,0.346902966499329,21.1722222222222,0.161629483103752,0.672492709499569,Pessoa
257,0,15,0.429453432559967,21.3066666666667,0.124395340681076,0.619284331736195,Pessoa
258,0,15,0.395951896905899,19.76,0.145068645477295,0.480347437775307,Pessoa
259,0,16,0.590731739997864,20.7125,0.14931757748127,0.32516843498193,Pessoa
260,0,14,0.525092840194702,21,0.143501177430153,0.215332509655427,Pessoa
261,0,13,0.66130667924881,19.7153846153846,0.165820568799973,0.166366269296873,Pessoa
262,0,18,0.669821381568909,18.4444444444444,0.232570201158524,0.203804443831043,Pessoa
263,0,18,0.548583924770355,21.0055555555556,0.187579587101936,0.16945418551352,Pessoa
264,0,21,0.530208826065063,24.0809523809524,0.215698301792145,0.349143275021121,Pessoa
265,0,19,0.553403735160828,20.3526315789474,0.207543686032295,0.425970494992129,Pessoa
266,0,18,0.471273064613342,21.6,0.152617856860161,0.507151282213938,Pessoa
267,0,18,0.958728909492493,21.8444444444444,0.19057509303093,0.663855026554799,Pessoa
268,0,15,0.332204550504684,27.6133333333333,0.181691020727158,0.914664106427016,Pessoa
269,0,16,0.335459500551224,22.46875,0.303878724575043,0.97431642800552,Pessoa
270,0,7,0.374870330095291,21.6714285714286,0.132428959012032,0.871754972055007,Pessoa
271,0,19,0.675927400588989,22.7947368421053,0.216506510972977,0.764022077222958,Pessoa
272,0,20,0.584636151790619,24.585,0.218312904238701,0.742390428296337,Pessoa
273,0,16,0.611376106739044,21.23125,0.200870558619499,0.773190074987244,Pessoa
274,0,18,0.397334218025208,26.7,0.159646213054657,0.763986173247186,Pessoa
275,0,25,0.483384847640991,24.092,0.207805976271629,0.688504363075246,Pessoa
276,0,23,0.617984890937805,26.2260869565217,0.204417333006859,0.638709662684324,Pessoa
277,0,24,0.577061295509338,24.9833333333333,0.177191764116287,0.534925569001468,Pessoa
278,0,28,0.834179997444153,22.7464285714286,0.167579278349876,0.502783794464073,Pessoa
279,0,18,0.564966142177582,20.8333333333333,0.133569613099098,0.511789447378172,Pessoa
280,0,21,0.38909775018692,22.9761904761905,0.158329427242279,0.573640059449493,Pessoa
281,0,20,0.589217305183411,20.605,0.216213718056679,0.75743265482932,Pessoa
282,0,14,0.2652288377285,24.0785714285714,0.157349035143852,0.81478859725335,Pessoa
283,0,30,0.778805553913116,22.4066666666667,0.163991153240204,1.00520829735863,Pessoa
284,0,22,0.614148318767548,22.9545454545455,0.143148869276047,0.865423761760082,Pessoa
285,0,24,0.892966032028198,22.4708333333333,0.191559791564941,0.753890345769667,Pessoa
286,0,20,0.437203049659729,24.88,0.169508531689644,0.546933581233336,Pessoa
287,0,25,0.484440237283707,27.844,0.182851284742355,0.525617738277926,Pessoa
288,0,22,0.412089496850967,26.7227272727273,0.169956400990486,0.574562157495412,Pessoa
289,0,21,0.403360307216644,25.9761904761905,0.151673927903175,0.7149739302105,Pessoa
290,0,20,0.532620191574097,25.57,0.168834552168846,0.73699007368684,Pessoa
291,0,24,0.524049937725067,23.6416666666667,0.154472187161446,0.852198118455172,Pessoa
292,0,23,0.397787004709244,21.804347826087,0.182273596525192,0.775864176781465,Pessoa
293,0,23,0.491590708494186,24.9608695652174,0.176788628101349,0.824231209764191,Pessoa
294,0,24,0.422943711280823,22.8208333333333,0.153324663639069,0.834179670608111,Pessoa
295,0,25,0.477285653352737,21.636,0.180265977978706,0.707336345065169,Pessoa
296,0,26,0.551831066608429,24.0153846153846,0.152851775288582,0.663714799047532,Pessoa
297,0,28,0.552486836910248,24.1357142857143,0.158799275755882,0.647236416058659,Pessoa
298,0,27,0.509890973567963,24.7074074074074,0.15455037355423,0.664366589280431,Pessoa
299,0,23,0.605175316333771,22.8782608695652,0.19210846722126,0.680893480828548,Pessoa
300,0,29,0.783117353916168,23.7586206896552,0.21221512556076,0.688688779366175,Pessoa
301,0,23,0.515835583209991,23.8347826086957,0.146603628993034,0.665322947565317,Pessoa
302,0,24,0.432786643505096,23.9583333333333,0.161914899945259,0.611550493882495,Pessoa
303,0,19,0.498879849910736,25.1842105263158,0.203848272562027,0.61359942167711,Pessoa
304,0,21,0.572212874889374,25.7380952380952,0.387427121400833,0.710206117790803,Pessoa
305,0,17,0.560576200485229,22.1294117647059,0.173512026667595,0.84930031392981,Pessoa
306,0,21,0.393108069896698,23.5809523809524,0.157676503062248,0.847622363367954,Pessoa
307,0,20,0.497473031282425,24.14,0.153072521090508,0.918439353849292,Pessoa
308,0,26,0.494842559099197,22.6038461538462,0.161647662520409,0.888094550112948,Pessoa
309,0,22,0.594344079494476,21.2,0.154946595430374,0.81221207543194,Pessoa
310,0,24,0.390781134366989,23.1958333333333,0.155358895659447,0.667287838428797,Pessoa
311,0,19,0.596524000167847,24.2263157894737,0.125841841101646,0.593700287503081,Pessoa
312,0,9,0.261749088764191,21.9888888888889,0.115061014890671,0.590405445298825,Pessoa
313,0,9,0.459401845932007,18.0666666666667,0.104076609015465,0.421796969720663,Pessoa
314,0,18,0.606919586658478,19.0111111111111,0.145005896687508,0.552276006036175,Pessoa
315,0,26,0.65724503993988,21.7730769230769,0.161647647619247,0.615192434524012,Pessoa
316,0,18,0.406831413507462,21.9944444444444,0.123661443591118,0.812850521575035,Pessoa
317,0,12,0.305827856063843,21.475,0.125521123409271,0.824311689000658,Pessoa
318,0,11,0.323654264211655,18.8909090909091,0.110501371324062,0.851937231559541,Pessoa
319,0,9,0.416145503520966,17.7444444444444,0.155148237943649,0.993404317568484,Pessoa
320,0,10,0.434421330690384,17.89,0.120177313685417,1.05149492583514,Pessoa
321,0,12,0.515350878238678,18,0.171876862645149,1.09658652735701,Pessoa
322,0,18,0.47608295083046,21.5777777777778,0.147666767239571,1.01159334988971,Pessoa
323,0,11,0.535922884941101,20.6181818181818,0.171876847743988,0.875077406750932,Pessoa
324,0,11,0.473411500453949,17.5727272727273,0.167230695486069,0.756023043348402,Pessoa
325,0,12,0.717631936073303,18.5416666666667,0.137978091835976,0.779231354607629,Pessoa
326,0,17,0.723075389862061,19.5294117647059,0.129942625761032,0.917187382826254,Pessoa
327,0,24,0.81930023431778,22.2208333333333,0.149829238653183,0.716131185204941,Pessoa
328,0,16,0.609861671924591,23.64375,0.140920385718346,0.373568254376096,Pessoa
329,0,14,0.762245833873749,20.8642857142857,0.148394659161568,0.260415215447386,Pessoa
330,0,14,0.523413300514221,19.7428571428571,0.276008486747742,0.372959871438108,Pessoa
331,0,7,0.651932239532471,19.2,0.20566026866436,0.40484680016254,Pessoa
332,0,15,0.570307612419128,21.6866666666667,0.204149901866913,0.40185478089091,Pessoa
333,0,10,0.658817768096924,19.22,0.655306220054626,0.457648049356424,Pessoa
334,0,13,0.71465003490448,22.4923076923077,0.284781813621521,0.521983686593475,Pessoa
335,0,12,0.398566722869873,20.9583333333333,0.283003032207489,0.17505569707598,Pessoa
336,0,20,0.60395610332489,21.015,0.224492818117142,0.231601492243898,Pessoa
337,0,15,0.480352431535721,20.08,0.165029063820839,0.230520224863308,Pessoa
338,0,11,0.388959914445877,18.8454545454545,0.206252217292786,0.443066632615366,Pessoa
339,0,10,0.496879696846008,20.31,0.180932372808456,0.572012856436936,Pessoa
340,0,10,0.417802453041077,20.38,0.254462063312531,0.69575322866301,Pessoa
341,0,12,0.37378254532814,18.4083333333333,0.177513673901558,0.902362505687673,Pessoa
342,0,19,0.37441873550415,21.2157894736842,0.155555993318558,1.084943743964,Pessoa
343,0,19,0.527860462665558,22.8736842105263,0.141481146216393,1.15913504701126,Pessoa
344,0,22,0.610516905784607,20.9363636363636,0.32038339972496,1.21368317191914,Pessoa
345,0,19,0.522922098636627,20.8578947368421,0.218834608793259,1.19961488521994,Pessoa
346,0,27,0.619892477989197,20.4,0.181715279817581,1.12009081804524,Pessoa
347,0,19,0.627757728099823,23.3578947368421,0.261072546243668,1.06519235900613,Pessoa
348,0,21,0.663139760494232,22.5857142857143,0.292439311742783,1.12118761605119,Pessoa
349,0,22,0.555593967437744,22.1090909090909,0.171056434512138,1.27093121324417,Pessoa
350,0,22,0.73922735452652,22.0409090909091,0.143148854374886,1.261434619754,Pessoa
351,0,26,0.639372408390045,21.4615384615385,0.21196123957634,1.10632916233072,Pessoa
352,0,18,0.638850569725037,25.3166666666667,0.164020925760269,1.16867833155861,Pessoa
354,0,12,0.462481796741486,19.6,0.159494966268539,0.953375909236677,Pessoa
355,0,16,0.512963652610779,22.40625,0.165652975440025,1.05704698684862,Pessoa
356,0,25,0.489880681037903,25.088,0.325589597225189,0.936953453034694,Pessoa
357,0,23,0.524244487285614,23.1478260869565,0.293499141931534,1.15376159176673,Pessoa
358,0,15,0.419498920440674,23.82,0.435205906629562,1.36691960276244,Pessoa
359,0,15,0.51299637556076,23.3866666666667,0.191638827323914,1.43378331296086,Pessoa
360,0,14,0.474017798900604,24.7785714285714,0.549856424331665,1.4179211798748,Pessoa
361,0,12,0.5289306640625,23.4333333333333,0.132517457008362,1.35628711395946,Pessoa
362,0,12,0.423734456300735,24.1916666666667,0.373060345649719,1.19947372172051,Pessoa
363,0,7,0.468684166669846,21.1142857142857,0.111262552440166,1.17814516481686,Pessoa
364,0,16,0.544810652732849,22.88125,0.278619676828384,1.07220254084621,Pessoa
365,0,11,0.440652042627335,22.1545454545455,0.164858490228653,0.986205489833325,Pessoa
366,0,21,0.513652503490448,21.7333333333333,0.242491155862808,0.770574089754227,Pessoa
367,0,16,0.56553053855896,21.88125,0.354472130537033,0.660742180144156,Pessoa
368,0,13,0.450565487146378,20.9307692307692,0.181800186634064,0.786340332730447,Pessoa
369,0,14,0.460903882980347,22.0857142857143,0.276008486747742,0.867708388754528,Pessoa
370,0,10,0.257073819637299,22.21,0.180932387709618,0.847295797691722,Pessoa
371,0,11,0.228297725319862,20.0090909090909,0.122342824935913,0.857302888307849,Pessoa
372,0,17,0.428674787282944,18.9058823529412,0.149335354566574,0.778933976118838,Pessoa
373,0,10,0.274640113115311,19.11,0.14636655151844,0.719744651395037,Pessoa
374,0,5,0.19215339422226,19.78,0.0806173756718636,0.667568655051158,Pessoa
375,0,13,0.413191258907318,20.2,0.120177321135998,0.777063242517478,Pessoa
376,0,18,0.412986069917679,18.65,0.182024717330933,0.674785148467451,Pessoa
377,0,21,0.420783340930939,20.0952380952381,0.181974679231644,0.515239637974845,Pessoa
378,0,8,0.331754326820374,20.35,0.111262574791908,0.358441396004985,Pessoa
379,0,12,0.330120414495468,19.6333333333333,0.116713248193264,0.198968314003324,Pessoa
392,0,4,0.140435725450516,17.6,0.0735932737588882,0.373153960168429,Pessoa
393,0,8,0.211782440543175,18.2125,0.122830547392368,0.316217667466193,Pessoa
394,0,13,0.439599871635437,21.5538461538462,0.168314248323441,0.309003175256994,Pessoa
395,0,16,0.379543125629425,21.575,0.208153203129768,0.408411200541992,Pessoa
396,0,12,0.403830409049988,19.25,0.142080247402191,0.504149502361363,Pessoa
397,0,14,0.428833723068237,20.5785714285714,0.206142023205757,0.68424275374556,Pessoa
398,0,11,0.531424582004547,18.2727272727273,0.189324781298637,0.749165697725549,Pessoa
399,0,15,0.275645732879639,23.7,0.183386445045471,0.74693050691924,Pessoa
400,0,13,0.315543919801712,21.5230769230769,0.120177298784256,0.835933735122545,Pessoa
401,0,13,0.395510643720627,21.2307692307692,0.154550343751907,0.812693668828881,Pessoa
402,0,11,0.734419822692871,19.7636363636364,0.174153476953506,0.732880091951464,Pessoa
403,0,14,0.444680035114288,20.8214285714286,0.27514460682869,0.922596591944632,Pessoa
404,0,12,0.498389542102814,21.125,0.116713270545006,0.97786211120236,Pessoa
405,0,10,0.332096636295319,24.04,0.261920362710953,1.00880599329387,Pessoa
406,0,10,0.387773811817169,23.99,0.219960585236549,1.06163075656254,Pessoa
407,0,14,0.636175751686096,22.9214285714286,0.134509891271591,1.11111957886206,Pessoa
408,0,20,0.671336650848389,21.285,0.187854513525963,1.30182549475211,Pessoa
409,0,19,0.633845567703247,20.0578947368421,0.157980397343636,1.29987403252235,Pessoa
410,0,18,0.442259311676025,25.2944444444444,0.188895955681801,1.28442016395088,Pessoa
411,0,11,0.340040147304535,22.4181818181818,0.162451684474945,1.25858711589691,Pessoa
412,0,19,0.404315918684006,24.6315789473684,0.199132531881332,1.22685238683061,Pessoa
413,0,12,0.39755642414093,22.8833333333333,0.117414258420467,1.16705301413698,Pessoa
414,0,14,0.354387700557709,26.8285714285714,0.134509906172752,1.09809377987078,Pessoa
415,0,14,0.459970504045486,25.8928571428571,0.174903720617294,1.02288761154443,Pessoa
416,0,15,0.322030663490295,25.6733333333333,0.141468375921249,1.0234828366769,Pessoa
417,0,5,0.715193867683411,22.32,0.123145125806332,1.07539610857324,Pessoa
418,0,8,0.32553705573082,21.925,0.191706076264381,0.916221947773081,Pessoa
419,0,14,0.954119086265564,22.3285714285714,0.191473126411438,0.87342433145311,Pessoa
420,0,12,0.539118826389313,21.2083333333333,0.122878268361092,0.832062120417693,Pessoa
421,0,20,0.56655353307724,23.2,0.184331446886063,0.986026344914261,Pessoa
422,0,15,0.447946161031723,23.9066666666667,0.156032279133797,1.0526293629314,Pessoa
423,0,17,0.532327353954315,23.5588235294118,0.194300025701523,1.07478824815552,Pessoa
424,0,15,0.400672227144241,24.3666666666667,0.34592941403389,0.980119406786385,Pessoa
425,0,15,0.357316195964813,21.9933333333333,0.454681545495987,0.901868144630044,Pessoa
426,0,18,0.409784615039825,27.5944444444444,0.156058207154274,0.739226927975589,Pessoa
427,0,18,0.375641882419586,26.2,0.138001427054405,0.654151654470117,Pessoa
428,0,22,0.479381382465363,26.1681818181818,0.196089386940002,0.735423386445634,Pessoa
429,0,18,0.369289994239807,26.6833333333333,0.153312116861343,0.760268859476366,Pessoa
430,0,22,0.450596332550049,26.8227272727273,0.207815051078796,0.725587257364062,Pessoa
431,0,28,0.665360987186432,26.8821428571429,0.219412758946419,0.524946819529733,Pessoa
432,0,22,0.776041269302368,23.0727272727273,0.179744973778725,0.400416937118982,Pessoa
433,0,18,0.494111925363541,24.7277777777778,0.185873419046402,0.327326884248702,Pessoa
434,0,24,0.57609635591507,26.025,0.203481435775757,0.34591715676511,Pessoa
435,0,24,0.58562833070755,26.2166666666667,0.167982116341591,0.240508046072297,Pessoa
436,0,20,0.333759605884552,26.68,0.147959202528,0.207894590532598,Pessoa
437,0,15,0.28834992647171,27.2866666666667,0.124395340681076,0.092977625881421,Pessoa
438,0,19,0.467384159564972,25.5315789473684,0.155556008219719,0.0676203824112875,Pessoa
439,0,14,0.303025841712952,23.7857142857143,0.160346433520317,0.118662480066118,Pessoa
440,0,16,0.372087836265564,24.68125,0.315536975860596,0.227674695475149,Pessoa
441,0,14,0.381459534168243,21.0785714285714,0.368370532989502,0.389196688205957,Pessoa
442,0,13,0.423740148544312,20.2769230769231,0.151830807328224,0.362364271405964,Pessoa
443,0,7,0.171699047088623,18.4857142857143,0.13242894411087,0.147589130060165,Pessoa
444,0,3,0.0799276158213615,17.4333333333333,0.169956386089325,0.0737687552888058,Pessoa
446,0,13,0.216545417904854,23.6538461538462,0.153649196028709,0.215977937098812,Pessoa
447,0,3,0.148709043860435,18.2,0,0.234269179138602,Pessoa
448,0,17,0.33286988735199,21.9529411764706,0.502473652362823,0.309932975534012,Pessoa
449,0,9,0.233897343277931,18.4222222222222,0.147186547517776,0.286424410450877,Pessoa
450,0,15,0.320870101451874,23.5666666666667,0.165653005242348,0.286941100183672,Pessoa
451,0,23,0.485143482685089,26.0826086956522,0.181095317006111,0.320079428676301,Pessoa
452,0,33,0.667217791080475,28.6151515151515,0.497816890478134,0.254629552416028,Pessoa
453,0,25,0.58944171667099,25.188,0.265616327524185,0.222045975830792,Pessoa
454,0,27,0.486327320337296,29.3962962962963,0.188549667596817,0.21111763144273,Pessoa
455,0,23,0.455972015857697,26.1304347826087,0.192997843027115,0.307698374695311,Pessoa
456,0,23,0.603232622146606,26.9739130434783,0.462491810321808,0.444585814416262,Pessoa
457,0,22,0.494739264249802,24.6772727272727,0.174314931035042,0.779478578645432,Pessoa
458,0,14,0.627906799316406,25.3214285714286,0.371587783098221,1.12016459604319,Pessoa
459,0,12,0.43180638551712,23.7916666666667,0.557239294052124,1.14563345078292,Pessoa
460,0,17,0.319041192531586,28.0529411764706,0.204680517315865,0.955412076219532,Pessoa
461,0,16,0.501335203647614,27.40625,0.239602342247963,0.931618636658489,Pessoa
462,0,8,0.508326828479767,21.5875,0.174818590283394,0.982667774733504,Pessoa
463,0,16,0.560648381710052,24.84375,0.485101938247681,1.09403428333822,Pessoa
464,0,27,0.700753211975098,24.5962962962963,0.590995848178864,1.03366185722754,Pessoa
465,0,23,0.541782021522522,24.6739130434783,0.273253679275513,0.871325747424136,Pessoa
466,0,23,0.424905180931091,27.4478260869565,0.169620171189308,0.780287603506229,Pessoa
467,0,18,0.618039429187775,27.1388888888889,0.223251193761826,0.771836373479065,Pessoa
468,0,18,0.607166647911072,24.3944444444444,0.285583853721619,0.621600998211091,Pessoa
469,0,14,0.449150830507278,21.5285714285714,0.269019782543182,0.56531635751356,Pessoa
470,0,18,0.585097670555115,25.3111111111111,0.260157495737076,0.449330688424769,Pessoa
471,0,11,0.377320438623428,23.6090909090909,0.258768409490585,0.324378316841811,Pessoa
472,0,30,0.632301151752472,22.8,0.663306832313538,0.231938248057556,Pessoa
473,0,11,0.652351081371307,19.9,0.235665664076805,0.412899247843498,Pessoa
474,0,19,0.387297868728638,22.1368421052632,0.180792286992073,0.405219383876911,Pessoa
475,0,14,0.577834963798523,19.2928571428571,0.139718636870384,0.395193194855745,Pessoa
476,0,11,0.359867841005325,18.9363636363636,0.110501371324062,0.385562933270108,Pessoa
477,0,19,0.584722399711609,21.9947368421053,0.408937603235245,0.191369795298952,Pessoa
478,0,20,0.435091972351074,27.18,0.20595046877861,0.212765950185659,Pessoa
479,0,19,0.674065232276917,26.2210526315789,0.540270507335663,0.288857760392213,Pessoa
480,0,13,0.296381145715714,26.1461538461538,0.347188770771027,0.423394791730013,Pessoa
481,0,37,0.623099148273468,23.6675675675676,0.333439499139786,0.299459223702368,Pessoa
482,0,27,0.679331958293915,20.6888888888889,0.262919962406158,0.252298280783267,Pessoa
483,0,23,0.408280581235886,20.504347826087,0.196732923388481,0.319292257684533,Pessoa
484,0,28,0.410547971725464,25.0642857142857,0.223809227347374,0.387120594510962,Pessoa
485,0,19,0.461075037717819,22.2631578947368,0.155555978417397,0.408343980767458,Pessoa
486,0,24,0.366155415773392,23.5583333333333,0.245204225182533,0.220626536975945,Pessoa
487,0,27,0.497891902923584,24.6185185185185,0.164980992674828,0.153906515670848,Pessoa
488,0,26,0.547081589698792,26.1384615384615,0.263548344373703,0.265257129821547,Pessoa
489,0,29,0.56086391210556,25.2068965517241,0.29860246181488,0.425022577209429,Pessoa
490,0,19,0.686158418655396,24.8526315789474,0.335787951946259,0.635393804681512,Pessoa
491,0,27,0.677551209926605,26.6148148148148,0.236601874232292,0.760647234349957,Pessoa
492,0,26,0.569502413272858,24.85,0.212980806827545,0.753794230669167,Pessoa
493,0,19,0.479391276836395,28.1631578947368,0.159576192498207,0.765505765505173,Pessoa
494,0,18,0.419992029666901,29.2944444444444,0.161629468202591,0.755166017241111,Pessoa
495,0,15,0.582916259765625,28.4,0.191099733114243,0.768804413607881,Pessoa
496,0,26,0.701663732528687,26.3346153846154,0.268124520778656,0.880572039000573,Pessoa
497,0,22,0.742823958396912,27.1818181818182,0.178698420524597,1.04160011429344,Pessoa
498,0,6,0.213980957865715,24.3,0.131647646427155,1.10955551310194,Pessoa
499,0,14,0.492381483316422,28.4142857142857,0.214905887842178,0.902768851042457,Pessoa
500,0,33,0.895829498767853,26.269696969697,0.513397693634033,1.01928875326659,Pessoa
501,0,17,0.507939159870148,30.9176470588235,0.16648431122303,0.904285062800327,Pessoa
502,0,34,0.795351982116699,25.9529411764706,0.212422788143158,0.890414144807748,Pessoa
503,0,34,0.929483592510223,28.3441176470588,0.564229309558868,0.824072046967398,Pessoa
504,0,35,0.924538314342499,26.9685714285714,0.631648421287537,0.730104861701311,Pessoa
505,0,22,0.470649272203445,34.9454545454545,0.48614114522934,0.775484507333387,Pessoa
506,0,33,0.635857880115509,32.9090909090909,0.556539535522461,0.771395260418309,Pessoa
507,0,23,0.67975240945816,30.8217391304348,0.182038545608521,0.776883284848986,Pessoa
508,0,24,0.60918527841568,35.3708333333333,0.18908528983593,0.78974029935398,Pessoa
509,0,26,0.723403930664062,32.4038461538461,0.230130106210709,0.861824421355584,Pessoa
510,0,32,0.823879420757294,28.85,0.207943260669708,0.889514829167145,Pessoa
511,0,28,0.628037750720978,33.4321428571429,0.230122044682503,0.847127031005286,Pessoa
512,0,28,0.497017174959183,34.7964285714286,0.62103146314621,0.773903270454123,Pessoa
513,0,30,0.677921891212463,30.3333333333333,0.426032185554504,0.722468935299068,Pessoa
513,2,13,1.34030437469482,19.5923076923077,0.128010839223862,1.22026290843984,Pessoa
514,0,30,0.659929931163788,25.48,0.33563694357872,0.699618821371303,Pessoa
514,2,7,0.544378161430359,17.3857142857143,0.13242894411087,1.17607271456884,Pessoa
515,0,32,0.66541987657547,23.496875,0.330146014690399,0.783868652082964,Pessoa
515,2,17,0.984598577022552,19.4352941176471,0.24440735578537,1.42479091915727,Pessoa
516,0,16,0.521222054958344,21.74375,0.16011118888855,0.709479783671895,Pessoa
516,2,9,0.267962425947189,18.7888888888889,0.115061044692993,1.47214816916586,Pessoa
517,0,21,0.448615849018097,20.9952380952381,0.202373534440994,0.593994473086934,Pessoa
517,2,12,0.745695829391479,18.35,0.155324429273605,1.31775093103965,Pessoa
518,0,19,0.327266365289688,20.7210526315789,0.149746522307396,0.462691801914927,Pessoa
518,2,26,1.25175130367279,25.0846153846154,0.29533389210701,1.44154357529401,Pessoa
519,0,8,0.392967581748962,17.1125,0.104076601564884,0.437977970298531,Pessoa
519,2,30,1.49965000152588,19.8166666666667,0.310991197824478,1.35062225811105,Pessoa
520,2,21,1.25385808944702,19.1952380952381,0.335329473018646,1.02121260907281,Pessoa
521,0,3,0.493423670530319,16.1,0.389418989419937,0.499233793804209,Pessoa
521,2,10,0.730395138263702,18.39,0.201692700386047,0.663441080018966,Pessoa
522,0,5,0.769597351551056,17.62,0.380982935428619,0.42123635374915,Pessoa
522,2,9,1.42390739917755,18.0777777777778,0.232722356915474,0.511892381741324,Pessoa
523,0,3,0.137302875518799,18.3666666666667,0,0.218927302109577,Pessoa
531,0,4,0.0684777945280075,15.525,0.120177313685417,0.42560343060351,Pessoa
532,2,4,0.142265096306801,16.275,0.120177313685417,1.13713667057481,Pessoa
533,0,4,0.139830440282822,17.075,0.0849782004952431,0.614228983540788,Pessoa
534,2,7,0.298323541879654,15.4571428571429,0.187282800674438,1.40339472454501,Pessoa
542,0,4,0.0732171311974525,16.425,0.169956386089325,0.561798049746271,Pessoa
90,0,24,0.766868710517883,31.2333333333333,0.347223550081253,1.02900113360251,Carro
91,0,20,0.376975178718567,32.735,0.254822760820389,1.05348787317306,Carro
92,0,27,0.49734964966774,29.1777777777778,0.173905178904533,1.12018716965803,Carro
93,0,16,0.399119645357132,27.0625,0.140920370817184,1.19405966691992,Carro
94,0,15,0.45841708779335,31.6,0.152013584971428,1.26829050486951,Carro
95,0,22,0.656370401382446,29.5909090909091,0.420341819524765,1.24371434986855,Carro
96,0,18,0.435502797365189,30.7611111111111,0.287683337926865,1.13876897000855,Carro
97,0,14,0.307144194841385,27.3071428571429,0.308007687330246,1.04865901346762,Carro
98,0,26,0.729214668273926,28.1692307692308,0.306574493646622,1.0202696986447,Carro
99,0,12,0.21546745300293,31.7583333333333,0.12552110850811,1.00324038162199,Carro
100,0,14,0.429608076810837,27.0928571428571,0.328757286071777,0.89843458916649,Carro
101,0,16,1.12811231613159,27.15,0.339779943227768,0.760404123662306,Carro
102,0,23,0.496879756450653,26.295652173913,0.192997872829437,0.783487748782558,Carro
103,0,23,0.517685651779175,25.3521739130435,0.195860505104065,0.688443044892289,Carro
104,0,14,0.326886147260666,24.5785714285714,0.157349035143852,0.560672298784149,Carro
105,0,18,0.5193692445755,23.3611111111111,0.164020895957947,0.413718889832316,Carro
106,0,28,0.56035041809082,24.2964285714286,0.215459033846855,0.321183778921751,Carro
107,0,22,1.03577375411987,18.6863636363636,0.267412692308426,0.304828021845097,Carro
108,0,24,1.52937936782837,22.6666666666667,0.240925431251526,0.472556632755593,Carro
109,0,23,0.71514493227005,19.5478260869565,0.240235835313797,0.539515114357785,Carro
110,0,23,0.654647946357727,21.095652173913,0.202100321650505,0.555014907438304,Carro
111,0,29,0.84335732460022,22.0413793103448,0.243698373436928,0.578747023607231,Carro
112,0,22,0.609502255916595,21.8545454545455,0.319504022598267,0.617261575031148,Carro
113,0,16,0.72417825460434,22.1625,0.158695489168167,0.619044796391526,Carro
114,0,9,0.159790694713593,20.2222222222222,0.327285587787628,0.593320159047782,Carro
115,0,19,1.38072633743286,18.6368421052632,0.410020470619202,0.632847814532479,Carro
116,0,10,1.13948976993561,17.35,0.244819805026054,0.543498858972193,Carro
117,0,16,1.11325109004974,19.2875,0.224630326032639,0.253689881708175,Carro
118,0,26,1.56580793857574,18.4307692307692,0.190425828099251,0.267886108494928,Carro
119,0,26,1.84491288661957,18.6961538461538,0.372758328914642,0.210555356760683,Carro
120,0,21,1.62821590900421,17.2428571428571,0.801425218582153,0.385850929149132,Carro
121,0,25,1.54260337352753,18.7,0.747276782989502,0.490791387435577,Carro
122,0,29,1.38496100902557,19.1551724137931,0.726005017757416,0.496161105334558,Carro
123,0,41,1.37921118736267,20.2390243902439,0.883717358112335,0.616111857629745,Carro
124,0,19,1.32311189174652,18.0052631578947,0.564130842685699,0.781485260277383,Carro
125,0,26,0.999643683433533,23.4230769230769,0.443630456924438,0.978082463569638,Carro
126,0,17,1.32972455024719,25.0294117647059,0.181147456169128,0.813214336781527,Carro
127,0,23,1.22355675697327,20.295652173913,0.228919923305511,0.674214203921862,Carro
128,0,11,0.648190677165985,17.9363636363636,0.200441136956215,0.617024529318776,Carro
129,0,7,0.675389051437378,20.3571428571429,0.147186547517776,0.572535618629285,Carro
130,0,12,0.725389182567596,17.8416666666667,0.146627962589264,0.409661280641294,Carro
131,0,10,0.680618286132812,17.55,0.230122029781342,0.280420164024624,Carro
132,0,6,0.182638764381409,18.3,0.0806173905730247,0.289282288219473,Carro
133,0,12,0.585546791553497,20.0416666666667,0.212831407785416,0.294127131960644,Carro
134,0,10,0.515689730644226,20.66,0.230122029781342,0.319833208498194,Carro
135,0,6,0.142839565873146,17.2166666666667,0.131647646427155,0.353533302657171,Carro
136,0,9,0.54569798707962,19.5333333333333,0.136583343148232,0.330727131034484,Carro
138,0,9,0.515689730644226,18.3444444444444,0.136583343148232,0.234913864593854,Carro
140,0,6,0.178181871771812,19.8833333333333,0.161234781146049,0.159379739415752,Carro
142,0,3,0.0700452327728271,17.0666666666667,0.169956386089325,0.122135577343981,Carro
145,0,4,0.182589948177338,16.9,0.0735932737588882,0.170401204096763,Carro
146,0,7,0.145904541015625,18.7857142857143,0.111262574791908,0.282379193835466,Carro
152,0,4,0.070320650935173,17.65,0.0849781930446625,0.372130090568499,Carro
153,0,4,0.0702179446816444,16.725,0.0849781930446625,0.360524511989931,Carro
156,0,6,0.516415953636169,16.7166666666667,0.120177313685417,0.185929632644874,Carro
158,0,4,0.12780824303627,17.2,0.169956386089325,0.117055206248205,Carro
160,0,6,0.552621185779572,16.85,0.120177313685417,0.0871936895989631,Carro
161,0,4,0.070320650935173,15.95,0.0849781930446625,0.0566780804999451,Carro
163,0,4,0.0781440734863281,17.125,0.169956386089325,0.0839809082904284,Carro
164,0,8,0.186746656894684,17.7375,0.122830554842949,0.137201422873231,Carro
165,0,7,0.584868788719177,19.6428571428571,0.184508100152016,0.104430818942792,Carro
166,0,10,0.582970976829529,18.8,0.15201361477375,0.121782580680513,Carro
167,0,6,0.179335564374924,19.3,0.161234781146049,0.087767863369752,Carro
168,0,4,0.12780824303627,16.75,0.169956386089325,0.108719308198788,Carro
169,0,7,0.584868788719177,17.4142857142857,0.147186547517776,0.14876634655562,Carro
170,0,3,0.516415953636169,16.6,0.169956386089325,0.129506733472637,Carro
171,0,4,0.0781440734863281,17.925,0.169956386089325,0.159087611906528,Carro
172,0,3,0.496993064880371,15.3,0,0.153698714997915,Carro
173,0,3,0.0700452327728271,16.0666666666667,0.169956386089325,0.152671876103369,Carro
178,0,3,0.245986774563789,20.0333333333333,0,1.00506844312935,Carro
179,0,9,1.02396082878113,21.1333333333333,0.143039613962173,1.80814079683861,Carro
180,0,9,0.919440269470215,17.5777777777778,0.115061014890671,2.18414335220076,Carro
181,0,7,0.259362041950226,21.8428571428571,0.120177313685417,2.03315323170515,Carro
182,0,4,1.20777189731598,17.55,0.120177313685417,2.03476144344334,Carro
183,0,8,0.674421072006226,18.5375,0.111262574791908,1.9602682035713,Carro
184,0,10,0.895071983337402,17.25,0.108603775501251,1.60435066832898,Carro
185,0,4,1.08074843883514,18.05,0.0849781930446625,1.42993842415785,Carro
186,0,6,0.344933658838272,23.4333333333333,0.110798001289368,0.929942399180245,Carro
187,0,7,0.876408815383911,16.3857142857143,0.120177313685417,0.811283792098739,Carro
189,0,5,0.51403146982193,18.34,0.104076609015465,0.18028468906536,Carro
190,0,5,0.736254334449768,17.48,0.12314510345459,0.215190214369294,Carro
191,0,5,1.3990113735199,15.8,0.12314510345459,0.316744523948787,Carro
198,0,11,1.91131901741028,24.6363636363636,0.131647646427155,2.58159986958006,Carro
199,0,22,1.43962121009827,23.4954545454545,0.198938280344009,2.64266707547731,Carro
200,0,23,1.56415700912476,18.6782608695652,0.171127945184708,2.67999984378864,Carro
201,0,16,1.28113889694214,21.35,0.169956386089325,2.33681426702603,Carro
202,0,15,0.834315657615662,18.48,0.103579796850681,2.11146474788761,Carro
203,0,14,1.05693292617798,20.2,0.138004243373871,1.49198002533853,Carro
204,0,20,0.850635528564453,21.935,0.151763394474983,0.462722260923974,Carro
205,0,24,1.13103199005127,24.2833333333333,0.159349516034126,0.538436812499325,Carro
206,0,25,0.799864053726196,27.096,0.157381802797318,1.24347665695492,Carro
207,0,27,1.03490388393402,25.9592592592593,0.16794715821743,1.73637794702316,Carro
208,0,31,1.5453577041626,22.3903225806452,0.197235405445099,2.03631169214738,Carro
209,0,22,1.15054178237915,22.1954545454545,0.175521299242973,2.2715268699439,Carro
210,0,19,0.867086350917816,23.7684210526316,0.155555978417397,2.46900447673947,Carro
211,0,23,1.73305201530457,22.995652173913,0.164494514465332,2.3526291765803,Carro
212,0,24,1.47560679912567,20.9,0.156491547822952,2.15446408156548,Carro
213,0,16,1.43367445468903,20.51875,0.154077917337418,1.9617678477912,Carro
214,0,7,0.924869418144226,24.0714285714286,0.187282830476761,1.73105105983498,Carro
215,0,26,1.23698794841766,22.2769230769231,0.191124647855759,0.946983054706069,Carro
216,0,17,1.24293172359467,22.2647058823529,0.13237164914608,0.445465507034557,Carro
217,0,18,0.830496788024902,22.1222222222222,0.142791926860809,0.232007683995972,Carro
218,0,19,0.906195938587189,24.9789473684211,0.145889729261398,0.392318856054554,Carro
219,0,11,1.52066087722778,19.8272727272727,0.136061638593674,0.597314695423161,Carro
220,0,22,0.775971531867981,22.8,0.185268938541412,0.483364641500139,Carro
221,0,3,1.14772510528564,17.3333333333333,0.147186547517776,0.540558123356336,Carro
222,0,16,0.748490869998932,25.375,0.15201361477375,0.33327108675109,Carro
223,0,12,0.415376305580139,26.7416666666667,0.125521123409271,0.404692378070063,Carro
224,0,11,0.578004717826843,23.5636363636364,0.133135229349136,0.673171095905319,Carro
225,0,12,0.911009609699249,21.7,0.146627947688103,0.981352335269523,Carro
226,0,10,1.06516695022583,20.87,0.142195701599121,1.15769660548865,Carro
227,0,9,0.473551511764526,26.2777777777778,0.11506100744009,1.24027122959864,Carro
228,0,3,0.776147186756134,17.1666666666667,0.0849781930446625,1.30713931632155,Carro
229,0,7,0.594829320907593,22.8857142857143,0.115805745124817,1.30622336018568,Carro
230,0,6,0.26525291800499,25.15,0.076006792485714,1.42632053212823,Carro
231,0,15,0.633345782756805,20.4866666666667,0.134745672345161,1.39416742350475,Carro
232,0,6,0.656806170940399,18.5,0.076006792485714,1.31643671974891,Carro
234,0,4,0.60313093662262,18.425,0.140920385718346,1.39435393428381,Carro
239,0,8,0.353859156370163,18.725,0.111262574791908,1.01931675892051,Carro
241,0,3,0.275133550167084,20.3333333333333,0.0849781781435013,0.916836338550571,Carro
277,0,6,0.55875825881958,17.25,0.076006792485714,1.5282347169203,Carro
281,0,3,0.0686511844396591,18.2,0.0849782451987267,2.80081665660277,Carro
282,0,3,0.227232575416565,21.2666666666667,0,2.74313263065368,Carro
284,0,9,0.269313424825668,23.7,0.155148237943649,2.83300334102252,Carro
285,0,7,1.07502508163452,20.4,0.252903163433075,2.82218997702931,Carro
286,0,13,0.51970374584198,25.5615384615385,0.153649196028709,3.78100891195702,Carro
287,0,15,1.12269365787506,23.68,0.174744799733162,3.66845522457456,Carro
288,0,16,0.598948895931244,25.78125,0.218312904238701,3.06171811104678,Carro
289,0,19,0.795536875724792,26.9052631578947,0.284302294254303,2.92772205530274,Carro
289,1,17,2.31862306594849,18.4764705882353,0.446938157081604,1.0696815809564,Carro
290,0,20,0.978005886077881,24.36,0.20815321803093,2.63449267931956,Carro
291,0,17,1.14900982379913,27.2470588235294,0.269218146800995,2.68982433583272,Carro
291,1,12,2.02308773994446,17.3,0.425662815570831,0.989432930996889,Carro
292,0,15,1.32805991172791,26.0733333333333,0.496543675661087,2.263818812205,Carro
292,1,3,1.45068025588989,21.2333333333333,0.810640275478363,1.00159281581977,Carro
293,0,16,1.32773864269257,26.61875,0.402190238237381,1.14901719740693,Carro
293,1,3,0.0926044061779976,18.8333333333333,0.0849781706929207,1.0353922917537,Carro
294,0,16,0.804976105690002,29.475,0.204433932900429,0.433536540424437,Carro
294,1,6,0.258052438497543,24.6333333333333,0.076006792485714,1.17339222173387,Carro
295,0,15,0.455567598342896,31.9333333333333,0.15201361477375,0.625389694287304,Carro
295,2,12,1.81097936630249,20.7583333333333,0.27684685587883,1.75386803820536,Carro
296,0,25,0.723007023334503,25.692,0.251368880271912,1.28962379829713,Carro
297,0,23,0.593079209327698,26.0130434782609,0.144544899463654,1.36217035386147,Carro
297,2,3,0.0702176541090012,20.9666666666667,0.0849782451987267,1.66939032505319,Carro
298,0,12,0.660927712917328,23.9583333333333,0.188281670212746,1.27917147373773,Carro
299,2,6,1.14822196960449,20.0833333333333,0.388490706682205,1.39364990198577,Carro
300,2,8,0.713142931461334,22.325,0.207221880555153,1.34396165498783,Carro
301,2,12,1.24682128429413,22.0333333333333,0.182527869939804,1.32895564729009,Carro
302,2,6,0.531923711299896,19.95,0.154370561242104,1.44906566601853,Carro
303,2,6,0.146991357207298,28.4833333333333,0.0806174427270889,1.77477694811608,Carro
304,2,4,1.51560544967651,17.9,0.147186577320099,2.11293617399045,Carro
370,3,11,1.52885210514069,17.8727272727273,0.120722316205502,1.2542625623766,Carro
371,3,15,0.497942239046097,20.5466666666667,0.117573857307434,1.20329222527239,Carro
372,3,12,0.538624107837677,18.6416666666667,0.110946014523506,1.29360346274949,Carro
373,3,12,0.420993119478226,21.4416666666667,0.169956371188164,1.35015307794351,Carro
374,3,13,0.567281901836395,21.2846153846154,0.106711864471436,1.59119811027642,Carro
375,3,16,0.825555622577667,21.25625,0.134025976061821,1.76832720986613,Carro
376,3,14,0.418204635381699,26.1357142857143,0.134509891271591,2.03860651596861,Carro
377,3,20,0.917416930198669,22.03,0.157478407025337,2.23620467803794,Carro
378,3,18,0.98332542181015,18.9944444444444,0.134888201951981,1.71392445287733,Carro
379,3,21,0.91493034362793,22.0476190476191,0.165341332554817,1.89528018667484,Carro
380,3,22,0.856414914131165,23.2818181818182,0.143148869276047,2.09254222054624,Carro
381,3,21,0.850081384181976,21.4285714285714,0.14648400247097,2.10255777389931,Carro
382,3,27,1.05951321125031,20.9925925925926,0.164606437087059,1.94796949018671,Carro
383,3,22,0.741660356521606,22.4272727272727,0.179744958877563,2.20766147656697,Carro
384,3,27,1.05596733093262,21.037037037037,0.175495013594627,2.09838962213166,Carro
385,3,33,1.11887276172638,23.7151515151515,0.184094622731209,2.3224059430665,Carro
386,3,29,0.928090155124664,23.148275862069,0.19006384909153,2.29223171340074,Carro
387,3,18,0.626522123813629,23.2055555555556,0.112886935472488,2.28869541810533,Carro
388,3,23,0.718822598457336,23.6260869565217,0.165273502469063,2.25082652679039,Carro
389,3,23,0.92749559879303,22.7434782608696,0.182273596525192,2.32997488351785,Carro
390,3,23,0.936481177806854,24.4826086956522,0.167843982577324,2.18894239169577,Carro
391,3,29,1.31601452827454,24.8310344827586,0.246528387069702,1.52897908966415,Carro
391,4,11,2.44804215431213,19.1454545454545,0.34489768743515,0.7482946542505,Carro
392,3,31,1.62606954574585,26.4,0.233471885323524,1.22368965510072,Carro
392,4,6,0.661220967769623,18.9333333333333,0.110798001289368,0.893033337500059,Carro
393,3,22,1.93715679645538,23.9863636363636,0.295724004507065,1.03516050700172,Carro
393,4,16,1.69291508197784,19.6125,0.202660098671913,0.816260894602192,Carro
394,3,14,1.1583046913147,25.2928571428571,0.16071717441082,0.998126790181489,Carro
394,4,5,0.679143130779266,20.22,0.12314510345459,0.843897417106081,Carro
395,3,11,1.71328234672546,21.7363636363636,0.393944382667542,1.02927950301221,Carro
395,4,10,1.03210210800171,21.72,0.120177321135998,0.798753784319574,Carro
396,3,11,1.83504951000214,22.8545454545455,0.355027288198471,1.17173444470938,Carro
396,4,14,1.33035945892334,21.9214285714286,0.167960271239281,0.961413904629361,Carro
397,3,7,1.91689789295197,20.6,0.413821011781693,1.23780627308132,Carro
397,4,17,0.780920445919037,29.5235294117647,0.163588687777519,1.3910316602689,Carro
398,4,23,1.30392301082611,26.9217391304348,0.200611963868141,1.8291049683915,Carro
399,4,21,1.59982061386108,24.7476190476191,0.275360822677612,2.39056423910173,Carro
400,4,23,1.12955975532532,24.8782608695652,0.242365017533302,2.5554053449331,Carro
401,4,21,1.35131728649139,23.6428571428571,0.202373549342155,2.70499856146692,Carro
402,3,9,2.02974557876587,17.1222222222222,0.316060990095139,2.08090017796847,Carro
402,4,20,1.03798377513885,23.6,0.176106661558151,2.54983235521946,Carro
403,4,25,1.38953304290771,21.304,0.230696618556976,2.54781337918986,Carro
404,3,7,1.75950491428375,16.9714285714286,0.311402708292007,1.93219790303198,Carro
404,4,15,1.05750131607056,24.4533333333333,0.15201361477375,2.3204726041064,Carro
405,3,4,0.0702177733182907,16.725,0.0849781781435013,1.56719095839303,Carro
405,4,28,1.39961302280426,22.4321428571429,0.196467652916908,2.19229296634412,Carro
406,3,6,0.196132436394691,17.7166666666667,0.0760068222880363,1.24030730897049,Carro
406,4,23,1.32851505279541,23.0130434782609,0.207947418093681,2.21186750098604,Carro
407,3,6,0.908339500427246,17.5166666666667,0.120177313685417,1.02065743092724,Carro
407,4,24,1.81399834156036,22.9666666666667,0.171793803572655,1.45240177852134,Carro
408,4,15,1.20324444770813,21.94,0.229373663663864,1.10905833506844,Carro
409,4,19,1.0140278339386,23.5157894736842,0.141481161117554,0.826280947434774,Carro
410,4,17,1.72132110595703,20.5235294117647,0.179380118846893,0.844998776859363,Carro
411,4,4,0.473793238401413,22.65,0.0735932737588882,0.643651564309987,Carro
412,4,8,0.265082448720932,23.175,0.122830539941788,0.875688485598633,Carro
413,4,6,0.294841170310974,22.4333333333333,0.0930889323353767,0.922433065989054,Carro
414,4,7,0.491254419088364,23.7,0.111262582242489,1.35695709795848,Carro
416,4,4,0.314925640821457,19.65,0.0735932886600494,1.46194946595528,Carro
513,5,11,1.67671263217926,19.6727272727273,0.137501493096352,1.84245757338204,Carro
517,5,4,0.558177292346954,16.45,0.0735932514071465,1.1486520933838,Carro
517,6,16,2.34390664100647,20.6875,0.802358031272888,1.2128372881348,Carro
518,5,8,0.968425810337067,17.6,0.174818620085716,0.550483833945402,Carro
518,6,13,0.167697578668594,30.2692307692308,0.153649166226387,1.61641408951487,Carro
519,5,8,0.436107009649277,16.775,0.12283056974411,1.20561419773592,Carro
519,6,10,1.51095056533813,28.98,0.186177894473076,2.15126195575962,Carro
521,6,24,1.66849672794342,29.8125,0.64811384677887,3.87020089979699,Carro
522,6,13,0.473353147506714,33.0076923076923,0.175582945346832,4.18919888122896,Carro
607,7,14,1.53628432750702,18.6142857142857,0.123916007578373,1.56416708106806,Carro
608,7,11,0.568440198898315,17.9090909090909,0.110501393675804,1.55849895915568,Carro
609,7,12,0.730661809444427,19.5666666666667,0.117414228618145,1.75741160096142,Carro
610,7,15,0.727513670921326,21.6466666666667,0.117573857307434,2.23852413151786,Carro
611,7,14,0.707455217838287,20.8785714285714,0.125348538160324,2.42692049598634,Carro
612,7,14,0.542234897613525,20.3357142857143,0.115462601184845,2.53738904545768,Carro
613,7,21,1.17021322250366,20.8,0.169956371188164,2.53826108071972,Carro
614,7,19,1.0771998167038,20.5263157894737,0.133178472518921,2.37977084190093,Carro
615,7,19,0.83234030008316,21.0052631578947,0.149746522307396,2.5679602611758,Carro
616,7,21,0.929007172584534,20.2571428571429,0.17796216905117,2.46851806727138,Carro
617,7,23,0.878574430942535,21.7173913043478,0.165014252066612,2.53116344370462,Carro
618,7,25,0.947654187679291,20.592,0.163900002837181,2.55072113386972,Carro
619,7,22,1.0025976896286,21.0681818181818,0.188903242349625,2.47936463588745,Carro
620,7,21,0.77197390794754,23.3904761904762,0.202373519539833,2.46877447403458,Carro
621,7,28,1.09018242359161,24.2714285714286,0.167493715882301,2.77074021614988,Carro
622,7,24,0.58644038438797,24.1875,0.188773706555367,2.52402512748913,Carro
623,7,18,0.605026602745056,26.3388888888889,0.18202468752861,2.3823281317742,Carro
624,7,28,0.837594449520111,24.9071428571429,0.19878762960434,2.33677306010088,Carro
625,7,28,1.25045323371887,25.9071428571429,0.230308726429939,2.03687351745145,Carro
626,7,28,1.15278303623199,24.3607142857143,0.202288553118706,1.56895667524081,Carro
627,7,19,1.51312172412872,25.2210526315789,0.292213320732117,1.24347911301522,Carro
627,8,13,2.66138482093811,17.0923076923077,0.367399841547012,0.690554746968232,Carro
628,7,23,1.76685202121735,26.1478260869565,0.279450714588165,1.23074331276885,Carro
628,8,6,2.12184643745422,17.6,0.221596002578735,0.703403818647285,Carro
629,7,19,1.59722352027893,22.3526315789474,0.27776575088501,1.12959110591747,Carro
629,8,11,1.75611734390259,23.9636363636364,0.138926401734352,1.5059298543811,Carro
630,7,6,1.55862379074097,20.4666666666667,0.402190208435059,0.881871709781295,Carro
630,8,14,1.45832633972168,23.15,0.234251782298088,4.05283423764071,Carro
631,7,5,1.87988746166229,22.94,0.394942939281464,0.674396003945274,Carro
631,8,27,1.36482274532318,24.1296296296296,0.18374191224575,4.92419335882485,Carro
632,7,7,0.354507237672806,26.6,0.0786745175719261,0.311206835832888,Carro
632,8,8,0.978715598583221,26.1875,0.165730819106102,5.9252448250414,Carro
633,7,7,0.434974014759064,28,0.111262574791908,0.846564453306338,Carro
634,7,21,0.903440773487091,25.7380952380952,0.240139931440353,1.64880651713317,Carro
635,7,23,1.31844341754913,21.9260869565217,0.213834837079048,2.07027186437258,Carro
636,7,23,0.9792760014534,22.0913043478261,0.196732938289642,2.08423372597504,Carro
637,7,24,0.948036968708038,23.9541666666667,0.191559806466103,1.89609969687762,Carro
638,7,16,0.914243221282959,28.33125,0.147186547517776,1.50340478838899,Carro
639,7,7,0.229575127363205,21.6714285714286,0.120177313685417,1.22658579767266,Carro
639,9,15,2.60707068443298,19.2333333333333,0.145068645477295,0.495349895138667,Carro
640,7,6,0.437857389450073,21.8,0.060088649392128,0.899771524829371,Carro
640,9,10,1.00751650333405,21.26,0.193780109286308,0.174004507675664,Carro
641,7,6,0.417130589485168,22.9666666666667,0.0930889472365379,0.423611774489678,Carro
641,9,11,0.708282589912415,20.7545454545455,0.164858475327492,0.614433416557706,Carro
642,9,6,1.05979692935944,18.7833333333333,0.17206771671772,0.811261893415672,Carro
643,7,4,0.0694909170269966,25.75,0.0849782004952431,0.593431300445332,Carro
644,7,5,0.334139138460159,23.02,0.0806173905730247,1.24236044579674,Carro
645,7,4,0.419303745031357,20.975,0.0849782004952431,1.77005091335705,Carro
646,7,4,1.3087409734726,18.65,0,2.35405149956421,Carro
740,10,15,2.67352223396301,24.6866666666667,0.524234473705292,0.67336220673177,Carro
741,10,10,0.330962479114532,28.35,0.180932387709618,1.18937276604515,Carro
742,10,8,1.67247462272644,21.275,0.36691352725029,1.53524677100301,Carro
743,10,16,0.884244680404663,25.15625,0.540046274662018,3.51203618213762,Carro
744,10,14,1.0452972650528,32.5857142857143,0.467613458633423,2.75573406006369,Carro
745,10,15,0.581104338169098,25.74,0.109392486512661,2.70776038191551,Carro
746,10,4,0.510704398155212,22.85,0.220779806375504,2.86435279922417,Carro
747,10,15,0.757604718208313,21.8066666666667,0.222525179386139,3.32005119165752,Carro
844,11,12,0.531975626945496,17.675,0.110946014523506,1.28415528522957,Carro
845,11,9,0.423650026321411,17.9111111111111,0.077574111521244,1.38685482710182,Carro
846,11,6,0.562890410423279,16.45,0.120177291333675,1.42086036643727,Carro
847,11,11,0.739093720912933,18.9,0.103126093745232,1.5064756697052,Carro
848,11,12,0.600202202796936,19.8166666666667,0.114584565162659,1.78498381572229,Carro
849,11,13,0.901469707489014,19.8384615384615,0.117843545973301,1.99059772006722,Carro
850,11,11,0.419653594493866,21.6909090909091,0.110501363873482,2.19092251502952,Carro
851,11,19,1.11798596382141,22.3736842105263,0.128334015607834,2.22573676759911,Carro
852,11,15,0.861216485500336,21.0066666666667,0.13397790491581,1.96438767431349,Carro
853,11,17,0.898940205574036,20.7411764705882,0.121713906526566,1.806513831088,Carro
854,11,18,1.08237338066101,21.6,0.142791926860809,1.92053096088653,Carro
855,11,17,0.941939949989319,22.9176470588235,0.116361185908318,2.09645099032774,Carro
856,11,16,0.903689205646515,20.3,0.149317592382431,2.15859006925002,Carro
857,11,16,0.727383971214294,18.3875,0.11866557598114,2.12934922521169,Carro
858,11,29,1.27489852905273,20.3448275862069,0.170217841863632,1.84380586578522,Carro
859,11,22,1.4257208108902,19.1454545454545,0.160885408520699,1.75421126518279,Carro
860,11,24,1.82623744010925,18.7291666666667,0.180592224001884,1.77554766474693,Carro
861,11,20,0.944154262542725,19.89,0.134008273482323,1.64243749920714,Carro
862,11,31,0.81015807390213,22.3709677419355,0.183658465743065,1.67658583515112,Carro
863,11,21,0.793858289718628,22.452380952381,0.165341317653656,1.65013503082109,Carro
864,11,25,1.03498160839081,23.42,0.163016438484192,1.57349698801455,Carro
865,11,22,1.40121507644653,24.2818181818182,0.159862086176872,1.44514758216517,Carro
866,11,12,1.03175723552704,21.6666666666667,0.202963531017303,1.30876165144864,Carro
867,11,14,0.957980275154114,19.4,0.159229040145874,1.24288998838424,Carro
868,11,24,0.856700301170349,21.4791666666667,0.155358880758286,1.15599803669561,Carro
869,11,21,0.828066051006317,22.2571428571429,0.158329412341118,1.41404357124874,Carro
870,11,24,1.25712537765503,21.5791666666667,0.173498705029488,1.16284271436681,Carro
871,11,29,1.68137216567993,23.4344827586207,0.199246928095818,1.00326160628502,Carro
872,11,30,1.09098470211029,22.0666666666667,0.180265963077545,0.894155204949054,Carro
873,11,19,1.26183104515076,25.1947368421053,0.170328706502914,0.756133411674251,Carro
874,11,24,1.75131678581238,23.0166666666667,0.173159077763557,0.68585868668891,Carro
875,11,18,1.53951942920685,22.7388888888889,0.185873433947563,0.500330354138244,Carro
876,11,20,1.72836565971375,27.995,0.207604721188545,0.500043247169186,Carro
877,11,16,1.80641198158264,24.475,0.17180523276329,0.642776002211758,Carro
878,11,9,1.6634966135025,23.4777777777778,0.171717643737793,0.533043119168655,Carro
879,11,8,1.77478981018066,21.7,0.157349035143852,0.761637098158855,Carro
880,11,6,0.806849420070648,18.0666666666667,0.110798001289368,1.12631339836364,Carro
883,11,3,0.710877418518066,16,0.0849781930446625,1.40179462314369,Carro
886,11,3,0.0691073685884476,19.1,0.0849781930446625,1.686980145522,Carro
887,11,3,0.392978131771088,16.0333333333333,0.0849781930446625,1.77917416348087,Carro
891,11,4,0.253313004970551,16.475,0.0849782004952431,1.38588683849354,Carro
1171,12,17,0.514860928058624,27.2058823529412,0.156624257564545,0.641898126823476,Carro
1172,12,12,0.680756449699402,18.8166666666667,0.171876862645149,0.667449476560574,Carro
1173,12,10,0.834607481956482,17.7,0.462591588497162,0.655325817178207,Carro
1174,12,4,0.857831060886383,16.825,0.254934549331665,0.622946150789927,Carro
1175,12,4,0.0694913938641548,17.325,0.0849781930446625,0.546126231339032,Carro
1177,12,6,0.843464314937592,18.1833333333333,0.228020414710045,0.630701945941339,Carro
1179,12,5,0.950472235679626,17.12,0.434137910604477,0.702533476991098,Carro
1181,12,10,0.832031011581421,17.59,0.224295198917389,0.616137892015606,Carro
1182,12,4,0.919803142547607,17.475,0.240354612469673,0.596689921853326,Carro
1185,12,6,0.852675259113312,16.1,0.471609830856323,0.691348531620355,Carro
1186,12,4,0.0916078314185143,17.35,0.0849781930446625,0.637472893595424,Carro
1188,12,10,0.712319850921631,19.35,0.300843596458435,0.611582382622255,Carro
1189,12,7,0.786797881126404,17.2857142857143,0.424890965223312,0.56044326102739,Carro
1190,12,4,0.0891965478658676,17.075,0.0735932886600494,0.693663492440926,Carro
1191,12,9,0.328252077102661,19.9444444444444,0.122655458748341,0.921916423831665,Carro
1192,12,8,0.131587401032448,21.5,0.10951030254364,0.961292405460704,Carro
1193,12,3,0.38865339756012,19.4,0.22483117878437,1.10003911932326,Carro
1194,12,15,0.887639343738556,19.2466666666667,1.04442703723907,0.935240474505545,Carro
1195,12,9,0.683915615081787,17.5333333333333,0.545782327651978,0.641625650371706,Carro
1196,12,15,1.10858809947968,21.46,1.12185919284821,0.553113172403413,Carro
1197,12,21,1.21173393726349,28.0190476190476,0.90407258272171,0.695767574009085,Carro
1198,12,23,2.10691380500793,24.8173913043478,0.673667788505554,0.861010260556177,Carro
1199,12,19,1.92208898067474,21.0842105263158,0.703994870185852,0.705962137208117,Carro
1200,12,10,0.265011578798294,22.72,0.170663043856621,0.446486336133109,Carro
1201,12,19,1.76691794395447,18.9,0.478728502988815,0.730219953525623,Carro
1202,12,16,1.70231294631958,22.20625,0.323447823524475,1.23945314067736,Carro
1203,12,11,0.49344989657402,24,0.311282217502594,1.55398687629871,Carro
1204,12,3,0.154676973819733,20.4333333333333,0.147186517715454,1.80754046375862,Carro
1205,12,3,0.286199599504471,20.3666666666667,0.726053953170776,1.99297760023359,Carro
1206,12,16,0.56201159954071,20.75625,0.169956356287003,1.78054741180185,Carro
1207,12,18,0.693789064884186,18.3277777777778,0.11444403231144,1.69718427826289,Carro
1208,12,7,0.415018081665039,20.2428571428571,0.529715776443481,1.62742803056692,Carro
1209,12,11,0.373607754707336,27.4181818181818,0.175280675292015,1.45604897166178,Carro
1210,12,12,0.495260804891586,24.1416666666667,0.628650665283203,1.30338993749985,Carro
1211,12,19,0.769397735595703,23.821052631579,0.802156507968903,1.6813115936482,Carro
1212,12,15,0.684698820114136,24.2266666666667,0.282936751842499,1.4500629229735,Carro
1213,12,19,0.69243586063385,22.9157894736842,0.198495283722878,1.48966272966934,Carro
1214,12,17,0.651939332485199,25.7235294117647,0.488325655460358,1.57242201420434,Carro
1215,12,11,0.229429244995117,33.5818181818182,0.122342877089977,1.44658190723249,Carro
1216,12,15,0.827922940254211,30.6733333333333,0.816978454589844,1.39240928262087,Carro
1217,12,25,0.88714462518692,29.672,0.844154596328735,1.10058950082501,Carro
1218,12,20,0.712673842906952,26.275,0.247560024261475,1.04235534016453,Carro
1219,12,30,0.740986526012421,26.9533333333333,0.292718946933746,1.18516630881832,Carro
1220,12,32,0.656687796115875,26.225,0.553391873836517,1.09087368644085,Carro
1221,12,27,0.715478837490082,28.4703703703704,0.655889928340912,0.910940820894764,Carro
1222,12,27,0.794783771038055,30.9703703703704,1.06627976894379,1.02425112730611,Carro
1223,12,24,0.724323332309723,32.3791666666667,0.498307704925537,1.04471411414385,Carro
1223,13,12,0.270183533430099,22.8416666666667,0.125521138310432,1.57471222492192,Carro
1224,12,26,1.18090713024139,30.7884615384615,0.281406819820404,1.02008522402901,Carro
1224,13,7,0.376534223556519,21.5428571428571,0.0786744952201843,1.44089214526839,Carro
1225,12,24,0.691784679889679,25.5541666666667,0.404641807079315,0.902668493239281,Carro
1225,13,4,0.14430733025074,19.75,0.0849781781435013,1.5330130894382,Carro
1226,12,25,1.37961781024933,20.34,0.51920211315155,1.22082803898772,Carro
1227,12,30,1.41925704479218,19.7633333333333,0.343556106090546,0.959374486101023,Carro
1227,13,3,0.120903223752975,23.8333333333333,0.0849782079458237,1.22724023588544,Carro
1228,12,24,1.20248937606812,18.7166666666667,0.384959071874619,0.762018258266505,Carro
1228,13,3,0.202917963266373,16.9666666666667,0.0849781706929207,1.05086935164347,Carro
1229,12,21,0.794538080692291,18.2761904761905,0.27272567152977,0.584751367996398,Carro
1230,12,21,0.857218503952026,17.6952380952381,0.266991525888443,0.444351381203868,Carro
1231,12,17,0.719178438186646,18.9352941176471,0.284745931625366,0.307477705736643,Carro
1232,12,8,0.146597072482109,16.9625,0.174818605184555,0.355173515881651,Carro
1233,12,7,0.638377130031586,16.4714285714286,0.187282830476761,0.424481839692049,Carro
1237,12,9,0.12819042801857,17.3222222222222,0.16637796163559,0.455264910969809,Carro
1238,12,9,0.613769829273224,16.3666666666667,0.180265963077545,0.3902810272884,Carro
1239,12,3,0.105049937963486,15.6333333333333,0.169956386089325,0.415300916661556,Carro
1242,12,4,0.0983379930257797,15.35,0.169956386089325,0.383097525577918,Carro
1243,12,5,0.0857520997524261,16.34,0.147186547517776,0.312547405506806,Carro
1245,12,7,0.724781394004822,16.9285714285714,0.222525134682655,0.241036482021547,Carro
1246,12,4,0.0599417015910149,16.075,0.185205683112144,0.259303223059146,Carro
1248,12,6,0.0724560916423798,19.4,0.131647646427155,0.240278808230718,Carro
1249,12,10,0.71671187877655,17.68,0.146366566419601,0.167846888819246,Carro
1250,12,18,0.782160520553589,19.3,0.138001412153244,0.223879846066509,Carro
1251,12,7,0.166255846619606,17.3714285714286,0.120177313685417,0.149310076804042,Carro
1252,12,7,0.14812821149826,19.3571428571429,0.163774073123932,0.308645590868192,Carro
1256,12,4,0.133266732096672,17.425,0.0735932737588882,0.0413857286168903,Carro
1258,12,4,0.0717582106590271,17.775,0.0849782004952431,0.22126468992131,Carro
1259,12,9,0.140846937894821,19.0444444444444,0.147186547517776,0.281566744525065,Carro
